player,year,salary_nominal
Aaron Blair,2016,249570
Aaron Blair,2017,11692
Aaron Cook,2003,300000
Aaron Cook,2004,300000
Aaron Cook,2005,326000
Aaron Cook,2006,1250000
Aaron Cook,2007,3100000
Aaron Cook,2008,4500000
Aaron Cook,2009,9583333
Aaron Cook,2010,9833333
Aaron Cook,2011,10708334
Aaron Cook,2012,1254098
Aaron Crow,2010,900000
Aaron Crow,2011,1400000
Aaron Crow,2012,1600000
Aaron Crow,2013,1280000
Aaron Crow,2014,1475000
Aaron Crow,2015,1975000
Aaron Heilman,2005,316000
Aaron Heilman,2006,359000
Aaron Heilman,2007,453000
Aaron Heilman,2008,1200000
Aaron Heilman,2009,1625000
Aaron Heilman,2010,2150000
Aaron Heilman,2011,2000000
Aaron Hicks,2013,332072
Aaron Hicks,2014,288415
Aaron Hicks,2015,408060
Aaron Hicks,2016,574000
Aaron Hicks,2017,1350000
Aaron Hicks,2018,2825000
Aaron Hicks,2019,8000000
Aaron Hicks,2020,3888888
Aaron Hicks,2021,10500000
Aaron Hicks,2022,10500000
Aaron Hicks,2023,10500000
Aaron Hicks,2024,9500000
Aaron Hicks,2025,10785714
Aaron Hicks,2026,1000000
Aaron Hill,2006,336000
Aaron Hill,2007,395300
Aaron Hill,2008,410000
Aaron Hill,2009,2590000
Aaron Hill,2010,4000000
Aaron Hill,2011,5000000
Aaron Hill,2012,5500000
Aaron Hill,2013,5500000
Aaron Hill,2014,11000000
Aaron Hill,2015,12000000
Aaron Hill,2016,13000000
Aaron Hill,2017,2000000
Aaron Judge,2016,141423
Aaron Judge,2017,544500
Aaron Judge,2018,622300
Aaron Judge,2019,684300
Aaron Judge,2020,3148148
Aaron Judge,2021,10175000
Aaron Judge,2022,19000000
Aaron Judge,2023,40000000
Aaron Judge,2024,40000000
Aaron Judge,2025,40000000
Aaron Judge,2026,40000000
Aaron Judge,2027,40000000
Aaron Judge,2028,40000000
Aaron Judge,2029,40000000
Aaron Judge,2030,40000000
Aaron Judge,2031,40000000
Aaron Nola,2015,207991
Aaron Nola,2016,517500
Aaron Nola,2017,544000
Aaron Nola,2018,573000
Aaron Nola,2019,6000000
Aaron Nola,2020,2962962
Aaron Nola,2021,11750000
Aaron Nola,2022,15000000
Aaron Nola,2023,16000000
Aaron Nola,2024,24571428
Aaron Nola,2025,24571428
Aaron Nola,2026,24571428
Aaron Nola,2027,24571428
Aaron Nola,2028,24571428
Aaron Nola,2029,24571428
Aaron Nola,2030,24571432
Aaron Sanchez,2014,188524
Aaron Sanchez,2015,510800
Aaron Sanchez,2016,492420
Aaron Sanchez,2017,535000
Aaron Sanchez,2018,2700000
Aaron Sanchez,2019,3900000
Aaron Sanchez,2021,4000000
Aaron Sanchez,2022,526368
Adalberto Mondesi,2016,191337
Adalberto Mondesi,2017,149736
Adalberto Mondesi,2018,310580
Adalberto Mondesi,2019,576000
Adalberto Mondesi,2020,223889
Adalberto Mondesi,2021,2525000
Adalberto Mondesi,2022,3000000
Adalberto Mondesi,2023,3045000
Adam Dunn,2002,300000
Adam Dunn,2003,400000
Adam Dunn,2004,445000
Adam Dunn,2005,4600000
Adam Dunn,2006,7500000
Adam Dunn,2007,10500000
Adam Dunn,2008,13000000
Adam Dunn,2009,8000000
Adam Dunn,2010,12000000
Adam Dunn,2011,12000000
Adam Dunn,2012,14000000
Adam Dunn,2013,15000000
Adam Dunn,2014,15000000
Adam Eaton,2013,491000
Adam Eaton,2014,511000
Adam Eaton,2015,850000
Adam Eaton,2016,2750000
Adam Eaton,2017,4000000
Adam Eaton,2018,6000000
Adam Eaton,2019,8400000
Adam Eaton,2020,5018519
Adam Eaton,2021,7849717
Adam Johnson,2018,159640
Adam Johnson,2019,67734
Adam Jones,2006,166180
Adam Jones,2007,390000
Adam Jones,2008,390000
Adam Jones,2009,460000
Adam Jones,2010,465000
Adam Jones,2011,3250000
Adam Jones,2012,6200000
Adam Jones,2013,10575000
Adam Jones,2014,13075000
Adam Jones,2015,13075000
Adam Jones,2016,16000000
Adam Jones,2017,16000000
Adam Jones,2018,17000000
Adam Jones,2019,4500000
Adam Lind,2007,380000
Adam Lind,2008,396400
Adam Lind,2009,411800
Adam Lind,2010,1000000
Adam Lind,2012,5000000
Adam Lind,2013,5000000
Adam Lind,2014,7000000
Adam Lind,2015,7500000
Adam Lind,2016,8000000
Adam Lind,2017,1800000
Adam Lind,2018,500000
Adam Loewen,2007,1020000
Adam Loewen,2008,816000
Adam Loewen,2015,160846
Adam Loewen,2016,47141
Adam Moore,2013,24098
Adam Moore,2014,73770
Adam Moore,2015,27732
Adam Moore,2016,97055
Adam Moore,2018,108410
Adam Wainwright,2005,46629
Adam Wainwright,2006,327000
Adam Wainwright,2007,410000
Adam Wainwright,2008,1250000
Adam Wainwright,2009,2700000
Adam Wainwright,2010,4800000
Adam Wainwright,2011,6500000
Adam Wainwright,2012,9000000
Adam Wainwright,2013,12150000
Adam Wainwright,2014,19550000
Adam Wainwright,2015,19500000
Adam Wainwright,2016,19550000
Adam Wainwright,2017,19500000
Adam Wainwright,2018,19500000
Adam Wainwright,2019,10000000
Adam Wainwright,2020,2962963
Adam Wainwright,2021,8000000
Adam Wainwright,2022,17500000
Adam Wainwright,2023,7500000
Adam Wainwright,2024,1000000
Adam Wainwright,2025,1000000
Adam Wainwright,2026,1000000
Adam Wainwright,2027,1000000
Adam Wainwright,2028,1000000
Adam Wainwright,2029,1000000
Adam Wainwright,2030,1000000
Adam Wainwright,2031,1000000
Adam Wainwright,2032,1000000
Adam Wainwright,2033,1000000
Addison Reed,2011,65606
Addison Reed,2012,480000
Addison Reed,2013,520000
Addison Reed,2014,538500
Addison Reed,2015,4875000
Addison Reed,2016,5300000
Addison Reed,2017,7750000
Addison Reed,2018,8250000
Addison Reed,2019,8500000
Addison Russell,2015,460355
Addison Russell,2016,527000
Addison Russell,2017,644000
Addison Russell,2018,3010752
Addison Russell,2019,3400000
Adrian Cardenas,2012,480000
Adrian Gonzalez,2004,300000
Adrian Gonzalez,2005,316000
Adrian Gonzalez,2006,327500
Adrian Gonzalez,2007,1000000
Adrian Gonzalez,2008,825000
Adrian Gonzalez,2009,3075000
Adrian Gonzalez,2010,4775000
Adrian Gonzalez,2011,6375000
Adrian Gonzalez,2012,27000000
Adrian Gonzalez,2013,21857000
Adrian Gonzalez,2014,21957000
Adrian Gonzalez,2015,21857000
Adrian Gonzalez,2016,21857000
Adrian Gonzalez,2017,22357000
Adrian Gonzalez,2018,22902143
A.J. Cole,2015,124795
A.J. Cole,2016,122012
A.J. Cole,2017,166611
A.J. Cole,2018,546255
A.J. Cole,2019,555000
A.J. Cole,2020,208703
A.J. Cole,2021,795648
A.J. Puk,2019,555000
A.J. Puk,2020,208704
A.J. Puk,2021,251494
A.J. Puk,2022,705000
A.J. Puk,2023,736000
A.J. Puk,2024,1800000
A.J. Puk,2025,2950000
A.J. Puk,2026,3100000
AJ Reed,2016,244024
AJ Reed,2017,17538
AJ Reed,2018,17580
AJ Reed,2019,628621
Albert Almora Jr.,2016,202429
Albert Almora Jr.,2017,552000
Albert Almora Jr.,2018,584500
Albert Almora Jr.,2019,562530
Albert Almora Jr.,2020,583333
Albert Almora Jr.,2021,1250000
Albert Almora Jr.,2022,492288
Alberto Callaspo,2005,316000
Alberto Callaspo,2006,327000
Alberto Callaspo,2007,380000
Alberto Callaspo,2008,394000
Alberto Callaspo,2009,415500
Alberto Callaspo,2010,460000
Alberto Callaspo,2011,2000000
Alberto Callaspo,2012,3150000
Alberto Callaspo,2013,4100000
Alberto Callaspo,2014,4875000
Alberto Callaspo,2015,3000000
Albert Pujols,2001,260000
Albert Pujols,2002,600000
Albert Pujols,2003,900000
Albert Pujols,2004,7250000
Albert Pujols,2005,11250000
Albert Pujols,2006,14200000
Albert Pujols,2007,15050000
Albert Pujols,2008,16300000
Albert Pujols,2009,16300000
Albert Pujols,2010,16250000
Albert Pujols,2011,16000000
Albert Pujols,2012,12000000
Albert Pujols,2013,16000000
Albert Pujols,2014,23000000
Albert Pujols,2015,24050000
Albert Pujols,2016,25000000
Albert Pujols,2017,26000000
Albert Pujols,2018,30000000
Albert Pujols,2019,28000000
Albert Pujols,2020,10740741
Albert Pujols,2021,30000000
Alcides Escobar,2009,400000
Alcides Escobar,2010,405500
Alcides Escobar,2011,428000
Alcides Escobar,2012,1000000
Alcides Escobar,2013,3000000
Alcides Escobar,2014,3000000
Alcides Escobar,2015,3100000
Alcides Escobar,2016,5250000
Alcides Escobar,2017,6500000
Alcides Escobar,2018,3775000
Alcides Escobar,2021,282164
Alcides Escobar,2022,1000000
Alen Hanson,2016,105374
Alen Hanson,2017,716082
Alen Hanson,2018,457080
Alen Hanson,2019,86536
Alex Bregman,2016,194110
Alex Bregman,2017,539400
Alex Bregman,2018,599000
Alex Bregman,2019,640500
Alex Bregman,2020,21000000
Alex Bregman,2021,11000000
Alex Bregman,2022,11000000
Alex Bregman,2023,28500000
Alex Bregman,2024,28500000
Alex Bregman,2025,20000000
Alex Bregman,2026,20000000
Alex Bregman,2027,25000000
Alex Bregman,2028,25000000
Alex Bregman,2029,20000000
Alex Bregman,2030,15000000
Alex Bregman,2034,8750000
Alex Bregman,2035,10750000
Alex Bregman,2036,10750000
Alex Bregman,2037,10750000
Alex Bregman,2038,10750000
Alex Bregman,2039,10750000
Alex Bregman,2040,10750000
Alex Bregman,2041,10750000
Alex Bregman,2042,2000000
Alex Bregman,2043,2000000
Alex Bregman,2044,2000000
Alex Colome,2013,109781
Alex Colome,2014,43715
Alex Colome,2015,510800
Alex Colome,2016,521700
Alex Colome,2017,547900
Alex Colome,2018,5300000
Alex Colome,2019,7325000
Alex Colome,2020,3900926
Alex Colome,2021,6250000
Alex Colome,2022,4100000
Alex Colome,2023,30968
Alex Gordon,2007,380000
Alex Gordon,2008,406000
Alex Gordon,2009,457000
Alex Gordon,2010,1150000
Alex Gordon,2011,1400000
Alex Gordon,2012,6025000
Alex Gordon,2013,9050000
Alex Gordon,2014,10800000
Alex Gordon,2015,14000000
Alex Gordon,2016,12000000
Alex Gordon,2017,16000000
Alex Gordon,2018,20000000
Alex Gordon,2019,24000000
Alex Gordon,2020,1481481
Alex Jackson,2019,41776
Alex Jackson,2020,46725
Alex Jackson,2021,552417
Alex Jackson,2022,496134
Alex Jackson,2024,497250
Alex Jackson,2025,347311
Alex Jackson,2026,1350000
Alex Meyer,2015,22185
Alex Meyer,2016,108147
Alex Meyer,2017,535000
Alex Meyer,2018,551500
Alex Reyes,2016,152515
Alex Reyes,2017,535000
Alex Reyes,2018,545600
Alex Reyes,2019,30350
Alex Reyes,2020,171666
Alex Reyes,2021,900000
Alex Reyes,2022,2850000
Alex Reyes,2023,1100000
Alex Reyes,2024,100000
Alex Rios,2005,331000
Alex Rios,2006,354000
Alex Rios,2007,2535000
Alex Rios,2008,4235000
Alex Rios,2009,5900000
Alex Rios,2010,9700000
Alex Rios,2011,12000000
Alex Rios,2012,12000000
Alex Rios,2013,12500000
Alex Rios,2014,13000000
Alex Rios,2015,10500000
Alex Rios,2016,1500000
Alex Verdugo,2017,90613
Alex Verdugo,2018,137710
Alex Verdugo,2019,560000
Alex Verdugo,2020,222778
Alex Verdugo,2021,649500
Alex Verdugo,2022,3550000
Alex Verdugo,2023,6300000
Alex Verdugo,2024,9200000
Alex Verdugo,2025,1500000
Alex White,2012,480000
Alex White,2013,497100
Alex White,2014,172819
Alex Wimmers,2016,108147
Alex Wimmers,2017,535000
Alfonso Soriano,1998,3730000
Alfonso Soriano,1999,630000
Alfonso Soriano,2000,630000
Alfonso Soriano,2001,630000
Alfonso Soriano,2002,630000
Alfonso Soriano,2003,800000
Alfonso Soriano,2004,5400000
Alfonso Soriano,2005,7500000
Alfonso Soriano,2006,10000000
Alfonso Soriano,2007,17000000
Alfonso Soriano,2008,13000000
Alfonso Soriano,2009,16000000
Alfonso Soriano,2010,18000000
Alfonso Soriano,2011,18000000
Alfonso Soriano,2012,18000000
Alfonso Soriano,2013,18000000
Alfonso Soriano,2014,19000000
Allen Webster,2013,117814
Allen Webster,2014,177595
Allen Webster,2015,135887
Allen Webster,2018,35160
Allen Webster,2019,650000
Amed Rosario,2017,181226
Amed Rosario,2018,548940
Amed Rosario,2019,575500
Amed Rosario,2020,225474
Amed Rosario,2021,2400000
Amed Rosario,2022,4950000
Amed Rosario,2023,7800000
Amed Rosario,2024,1661300
Amed Rosario,2025,2010733
Amed Rosario,2026,2500000
Amir Garrett,2017,280608
Amir Garrett,2018,545000
Amir Garrett,2019,567500
Amir Garrett,2020,220370
Amir Garrett,2021,1500000
Amir Garrett,2022,2025000
Amir Garrett,2023,2650000
Amir Garrett,2024,145161
Anderson Espinoza,2019,555000
Anderson Espinoza,2020,208704
Anderson Espinoza,2022,107688
Andre Ethier,2007,387500
Andre Ethier,2008,424500
Andre Ethier,2009,3100000
Andre Ethier,2010,6250000
Andre Ethier,2011,9500000
Andre Ethier,2012,10950000
Andre Ethier,2013,13500000
Andre Ethier,2014,15500000
Andre Ethier,2015,18000000
Andre Ethier,2016,18000000
Andre Ethier,2017,17500000
Andre Ethier,2018,2500000
Andrelton Simmons,2012,149508
Andrelton Simmons,2013,491250
Andrelton Simmons,2014,2000000
Andrelton Simmons,2015,3000000
Andrelton Simmons,2016,6000000
Andrelton Simmons,2017,8000000
Andrelton Simmons,2018,11000000
Andrelton Simmons,2019,13000000
Andrelton Simmons,2020,4757308
Andrelton Simmons,2021,10500000
Andrelton Simmons,2022,4000000
Andrew Benintendi,2016,171926
Andrew Benintendi,2017,549000
Andrew Benintendi,2018,620500
Andrew Benintendi,2019,717500
Andrew Benintendi,2020,1259259
Andrew Benintendi,2021,6600000
Andrew Benintendi,2022,8500000
Andrew Benintendi,2023,11000000
Andrew Benintendi,2024,16500000
Andrew Benintendi,2025,16500000
Andrew Benintendi,2026,16500000
Andrew Benintendi,2027,14500000
Andrew Brackman,2007,837500
Andrew Brackman,2008,837500
Andrew Brackman,2009,837500
Andrew Brackman,2010,1237500
Andrew Brackman,2011,400000
Andrew Brackman,2012,500000
Andrew Cashner,2010,400000
Andrew Cashner,2011,427500
Andrew Cashner,2012,486100
Andrew Cashner,2013,500800
Andrew Cashner,2014,2400000
Andrew Cashner,2015,4050000
Andrew Cashner,2016,7150000
Andrew Cashner,2017,10000000
Andrew Cashner,2018,9500000
Andrew Cashner,2019,12500000
Andrew Cashner,2020,1000000
Andrew Cashner,2021,1000000
Andrew Cashner,2022,1000000
Andrew Heaney,2014,123278
Andrew Heaney,2015,286627
Andrew Heaney,2016,515000
Andrew Heaney,2017,543000
Andrew Heaney,2018,800000
Andrew Heaney,2019,3400000
Andrew Heaney,2020,1592593
Andrew Heaney,2021,6750000
Andrew Heaney,2022,8500000
Andrew Heaney,2023,12000000
Andrew Heaney,2024,13000000
Andrew Heaney,2025,5300000
Andrew Lambo,2013,107103
Andrew Lambo,2014,84699
Andrew Lambo,2015,515500
Andrew Lambo,2016,520000
Andrew McCutchen,2009,268878
Andrew McCutchen,2010,422500
Andrew McCutchen,2011,452500
Andrew McCutchen,2012,1850000
Andrew McCutchen,2013,4650000
Andrew McCutchen,2014,7325000
Andrew McCutchen,2015,10050000
Andrew McCutchen,2016,13000000
Andrew McCutchen,2017,14000000
Andrew McCutchen,2018,14749996
Andrew McCutchen,2019,10000000
Andrew McCutchen,2020,6296296
Andrew McCutchen,2021,20000000
Andrew McCutchen,2022,11500000
Andrew McCutchen,2023,5000000
Andrew McCutchen,2024,5000000
Andrew McCutchen,2025,5000000
Andrew McCutchen,2026,427776
Andrew Miller,2006,3675000
Andrew Miller,2007,125000
Andrew Miller,2008,1325000
Andrew Miller,2009,1575000
Andrew Miller,2010,1790219
Andrew Miller,2011,1300000
Andrew Miller,2012,1040000
Andrew Miller,2013,1475000
Andrew Miller,2014,1903125
Andrew Miller,2015,9000000
Andrew Miller,2016,9000000
Andrew Miller,2017,9000000
Andrew Miller,2018,9000000
Andrew Miller,2019,11500000
Andrew Miller,2020,4296259
Andrew Miller,2021,12000000
Andrew Susac,2011,1100000
Andrew Susac,2014,177595
Andrew Susac,2015,468674
Andrew Susac,2016,74871
Andrew Susac,2017,172457
Andrew Susac,2018,46880
Andrew Susac,2020,3178
Andy LaRoche,2008,392500
Andy LaRoche,2009,413500
Andy LaRoche,2010,451000
Andy LaRoche,2011,600000
Angel Guzman,2007,384000
Angel Guzman,2008,401000
Angel Guzman,2009,421500
Angel Guzman,2010,825000
Angel Villalona,2012,481000
Anibal Sanchez,2006,176913
Anibal Sanchez,2007,70788
Anibal Sanchez,2008,390000
Anibal Sanchez,2009,400000
Anibal Sanchez,2010,1250000
Anibal Sanchez,2011,3700000
Anibal Sanchez,2012,8000000
Anibal Sanchez,2013,12000000
Anibal Sanchez,2014,15000000
Anibal Sanchez,2015,16000000
Anibal Sanchez,2016,16000000
Anibal Sanchez,2017,16000000
Anibal Sanchez,2018,6403226
Anibal Sanchez,2019,10000000
Anibal Sanchez,2020,5148148
Anibal Sanchez,2021,4000000
Anibal Sanchez,2022,2000000
Anthony Alford,2017,535000
Anthony Alford,2018,64460
Anthony Alford,2019,86536
Anthony Alford,2020,172315
Anthony Alford,2021,244062
Anthony Alford,2022,77960
Anthony Gose,2013,166010
Anthony Gose,2014,297814
Anthony Gose,2015,515000
Anthony Gose,2016,525000
Anthony Gose,2021,39871
Anthony Gose,2022,702900
Anthony Gose,2024,69888
Anthony Lerew,2008,390000
Anthony Lerew,2009,400000
Anthony Ranaudo,2014,84699
Anthony Ranaudo,2015,50016
Anthony Ranaudo,2016,155904
Anthony Rendon,2011,1800000
Anthony Rendon,2012,1800000
Anthony Rendon,2013,1800000
Anthony Rendon,2014,2700000
Anthony Rendon,2015,2500000
Anthony Rendon,2016,2800000
Anthony Rendon,2017,5800000
Anthony Rendon,2018,12300000
Anthony Rendon,2019,18800000
Anthony Rendon,2020,13444444
Anthony Rendon,2021,27500000
Anthony Rendon,2022,36000000
Anthony Rendon,2023,37182796
Anthony Rendon,2024,38000000
Anthony Rendon,2025,38000000
Anthony Rendon,2028,12666666
Anthony Rendon,2029,12666666
Anthony Rendon,2030,12666668
Anthony Rizzo,2011,149311
Anthony Rizzo,2012,480000
Anthony Rizzo,2013,2750000
Anthony Rizzo,2014,1250000
Anthony Rizzo,2015,5000000
Anthony Rizzo,2016,5000000
Anthony Rizzo,2017,7000000
Anthony Rizzo,2018,7000000
Anthony Rizzo,2019,11000000
Anthony Rizzo,2020,6111111
Anthony Rizzo,2021,33000000
Anthony Rizzo,2022,16000000
Anthony Rizzo,2023,17000000
Anthony Rizzo,2024,23000000
Anthony Swarzak,2010,400000
Anthony Swarzak,2012,487500
Anthony Swarzak,2013,502500
Anthony Swarzak,2014,935000
Anthony Swarzak,2015,162295
Anthony Swarzak,2016,750000
Anthony Swarzak,2017,900000
Anthony Swarzak,2018,6000000
Anthony Swarzak,2019,8500000
Anthony Swarzak,2021,220416
Archie Bradley,2009,19
Archie Bradley,2010,6
Archie Bradley,2015,391024
Archie Bradley,2016,360490
Archie Bradley,2017,544100
Archie Bradley,2018,581900
Archie Bradley,2019,1830000
Archie Bradley,2020,1518519
Archie Bradley,2021,6000000
Archie Bradley,2022,3750000
Archie Bradley,2023,69678
Archie Bradley,2024,3750000
Archie Bradley,2025,69678
Arismendy Alcantara,2014,221311
Arismendy Alcantara,2015,44590
Arismendy Alcantara,2016,152515
Arismendy Alcantara,2017,385140
Arodys Vizcaíno,2011,113736
Arodys Vizcaíno,2012,480000
Arodys Vizcaíno,2013,491000
Arodys Vizcaíno,2014,73770
Arodys Vizcaíno,2015,252363
Arodys Vizcaíno,2016,897500
Arodys Vizcaíno,2017,1550000
Arodys Vizcaíno,2018,3400000
Arodys Vizcaíno,2019,4800000
Arodys Vizcaíno,2022,104405
Aroldis Chapman,2010,17250000
Aroldis Chapman,2011,1000000
Aroldis Chapman,2012,2025000
Aroldis Chapman,2013,2025000
Aroldis Chapman,2014,7860772
Aroldis Chapman,2015,8050000
Aroldis Chapman,2016,16461455
Aroldis Chapman,2017,21000000
Aroldis Chapman,2018,20000000
Aroldis Chapman,2019,15000000
Aroldis Chapman,2020,5555555
Aroldis Chapman,2021,14838709
Aroldis Chapman,2022,18000000
Aroldis Chapman,2023,6250000
Aroldis Chapman,2024,10500000
Aroldis Chapman,2025,10750000
Aroldis Chapman,2026,13000000
Aroldis Chapman,2027,300000
Austin Hedges,2015,424303
Austin Hedges,2016,33408
Austin Hedges,2017,537100
Austin Hedges,2018,553100
Austin Hedges,2019,2060000
Austin Hedges,2020,1111111
Austin Hedges,2021,3280000
Austin Hedges,2022,4000000
Austin Hedges,2023,5000000
Austin Hedges,2024,4000000
Austin Hedges,2025,4000000
Austin Hedges,2026,4000000
Austin Jackson,2010,400000
Austin Jackson,2011,440000
Austin Jackson,2012,500000
Austin Jackson,2013,3500000
Austin Jackson,2014,6000000
Austin Jackson,2015,7699999
Austin Jackson,2016,5000000
Austin Jackson,2017,1500000
Austin Jackson,2018,3193380
Austin Jackson,2019,3000000
Austin Jackson,2020,8235148
Austin Jackson,2021,1230016
Austin Jackson,2022,1850032
Austin Jackson,2023,7064480
Austin Jackson,2024,8590580
Austin Jackson,2025,11115000
Austin Jackson,2026,7000000
Austin Kearns,2003,305000
Austin Kearns,2004,400000
Austin Kearns,2005,930000
Austin Kearns,2006,1850000
Austin Kearns,2007,3500000
Austin Kearns,2008,5000000
Austin Kearns,2009,8000000
Austin Kearns,2010,1750000
Austin Kearns,2011,1300000
Austin Kearns,2012,1300000
Austin Kearns,2013,700000
Austin Meadows,2018,210960
Austin Meadows,2019,557400
Austin Meadows,2020,214407
Austin Meadows,2021,591400
Austin Meadows,2022,4000000
Austin Meadows,2023,4300000
Austin Romine,2011,40721
Austin Romine,2012,482000
Austin Romine,2013,417704
Austin Romine,2014,97503
Austin Romine,2015,554100
Austin Romine,2016,556000
Austin Romine,2017,805000
Austin Romine,2018,1100000
Austin Romine,2019,1800000
Austin Romine,2020,1537037
Austin Romine,2021,2000000
Austin Romine,2022,396140
Ben Revere,2011,414000
Ben Revere,2012,492500
Ben Revere,2013,515000
Ben Revere,2014,1950000
Ben Revere,2015,4100000
Ben Revere,2016,6250000
Ben Revere,2017,4000000
Ben Sheets,2002,290000
Ben Sheets,2003,428000
Ben Sheets,2004,2425000
Ben Sheets,2005,4500000
Ben Sheets,2006,8500000
Ben Sheets,2007,10000000
Ben Sheets,2008,11000000
Ben Sheets,2010,10000000
Ben Sheets,2012,1106557
Billy Butler,2008,399000
Billy Butler,2009,421000
Billy Butler,2010,470000
Billy Butler,2011,5000000
Billy Butler,2012,8000000
Billy Butler,2013,8000000
Billy Butler,2014,8000000
Billy Butler,2015,11000000
Billy Butler,2016,10049914
Billy Butler,2017,10000000
Billy Hamilton,2013,77650
Billy Hamilton,2014,500000
Billy Hamilton,2015,545000
Billy Hamilton,2016,570000
Billy Hamilton,2017,2625000
Billy Hamilton,2018,4600000
Billy Hamilton,2019,5450000
Billy Hamilton,2020,281926
Billy Hamilton,2021,1250000
Billy Hamilton,2022,367049
Billy Hamilton,2023,231168
Billy McKinney,2018,293000
Billy McKinney,2019,403072
Billy McKinney,2020,22372
Billy McKinney,2021,553224
Billy McKinney,2022,162637
Billy McKinney,2023,449036
Billy McKinney,2024,96768
Billy McKinney,2025,53226
B.J. Upton,2007,386900
B.J. Upton,2008,412100
B.J. Upton,2009,435000
B.J. Upton,2010,3000000
B.J. Upton,2011,4825000
B.J. Upton,2012,7000000
B.J. Upton,2013,15450000
B.J. Upton,2014,13450000
B.J. Upton,2015,14450000
B.J. Upton,2016,15450000
B.J. Upton,2017,16450000
Blake Rutherford,2023,139356
Blake Snell,2016,305030
Blake Snell,2017,396074
Blake Snell,2018,558200
Blake Snell,2019,4000000
Blake Snell,2020,2592593
Blake Snell,2021,10500000
Blake Snell,2022,12500000
Blake Snell,2023,16000000
Blake Snell,2024,32000000
Blake Snell,2025,64800000
Blake Snell,2026,12800000
Blake Snell,2027,12800000
Blake Snell,2028,12800000
Blake Snell,2029,12800000
Blake Snell,2035,5500000
Blake Snell,2036,5500000
Blake Snell,2037,5500000
Blake Snell,2038,5500000
Blake Snell,2039,5500000
Blake Snell,2040,5500000
Blake Snell,2041,5500000
Blake Snell,2042,5500000
Blake Snell,2043,5500000
Blake Snell,2044,5500000
Blake Snell,2045,5500000
Blake Snell,2046,5500000
Blake Swihart,2015,432622
Blake Swihart,2016,518500
Blake Swihart,2017,90613
Blake Swihart,2018,563500
Blake Swihart,2019,768055
Bobby Bradley,2019,68632
Bobby Bradley,2021,368040
Bobby Bradley,2022,111905
Braden Shipley,2016,194110
Braden Shipley,2017,102305
Braden Shipley,2018,164080
Bradley Zimmer,2017,535000
Bradley Zimmer,2018,201484
Bradley Zimmer,2019,518924
Bradley Zimmer,2020,95370
Bradley Zimmer,2021,576700
Bradley Zimmer,2022,1300000
Brad Lincoln,2013,166010
Brad Peacock,2011,414000
Brad Peacock,2012,480000
Brad Peacock,2013,270437
Brad Peacock,2014,476742
Brad Peacock,2015,515800
Brad Peacock,2016,113693
Brad Peacock,2017,541500
Brad Peacock,2018,2440000
Brad Peacock,2019,3110000
Brad Peacock,2020,1444444
Brad Peacock,2021,39871
Brandon Belt,2011,289573
Brandon Belt,2012,481000
Brandon Belt,2013,531500
Brandon Belt,2014,2900000
Brandon Belt,2015,3600000
Brandon Belt,2016,6200000
Brandon Belt,2017,8800000
Brandon Belt,2018,16000000
Brandon Belt,2019,16000000
Brandon Belt,2020,5925925
Brandon Belt,2021,16000000
Brandon Belt,2022,18400000
Brandon Belt,2023,9300000
Brandon Finnegan,2015,321693
Brandon Finnegan,2016,511500
Brandon Finnegan,2017,567000
Brandon Finnegan,2018,130410
Brandon Jones,2020,2018880
Brandon Jones,2021,831504
Brandon Jones,2022,1053008
Brandon Jones,2023,2743000
Brandon Jones,2024,6985000
Brandon Jones,2025,7168820
Brandon League,2005,316000
Brandon League,2008,400300
Brandon League,2009,640000
Brandon League,2010,1087500
Brandon League,2011,2250000
Brandon League,2012,5000000
Brandon League,2013,7500000
Brandon League,2014,7500000
Brandon League,2015,8500000
Brandon McCarthy,2005,316000
Brandon McCarthy,2006,332000
Brandon McCarthy,2007,396068
Brandon McCarthy,2008,404760
Brandon McCarthy,2009,650000
Brandon McCarthy,2010,1300000
Brandon McCarthy,2011,1000000
Brandon McCarthy,2012,4275000
Brandon McCarthy,2013,6500000
Brandon McCarthy,2014,9000000
Brandon McCarthy,2015,17000000
Brandon McCarthy,2016,11000000
Brandon McCarthy,2017,10000000
Brandon McCarthy,2018,11500000
Brandon Morrow,2007,380000
Brandon Morrow,2009,425000
Brandon Morrow,2010,409800
Brandon Morrow,2011,2300000
Brandon Morrow,2012,4000000
Brandon Morrow,2013,8000000
Brandon Morrow,2014,8000000
Brandon Morrow,2015,3500000
Brandon Morrow,2016,238650
Brandon Morrow,2017,1250000
Brandon Morrow,2018,9000000
Brandon Morrow,2019,12000000
Brandon Moss,2006,327000
Brandon Moss,2007,380000
Brandon Moss,2008,390000
Brandon Moss,2009,414500
Brandon Moss,2010,414500
Brandon Moss,2011,414500
Brandon Moss,2012,480000
Brandon Moss,2013,1600000
Brandon Moss,2014,4150000
Brandon Moss,2015,6500000
Brandon Moss,2016,8250000
Brandon Moss,2017,3750000
Brandon Moss,2018,7250000
Brandon Moss,2019,1000000
Brandon Nimmo,2016,183018
Brandon Nimmo,2017,442430
Brandon Nimmo,2018,546987
Brandon Nimmo,2019,598285
Brandon Nimmo,2020,805556
Brandon Nimmo,2021,4700000
Brandon Nimmo,2022,7000000
Brandon Nimmo,2023,20250000
Brandon Nimmo,2024,20250000
Brandon Nimmo,2025,20250000
Brandon Nimmo,2026,21250000
Brandon Nimmo,2027,20250000
Brandon Nimmo,2028,20250000
Brandon Nimmo,2029,20250000
Brandon Nimmo,2030,20250000
Brandon Phillips,2003,300900
Brandon Phillips,2005,316800
Brandon Phillips,2007,407500
Brandon Phillips,2008,3500000
Brandon Phillips,2009,5500000
Brandon Phillips,2010,6750000
Brandon Phillips,2011,11250000
Brandon Phillips,2012,12500000
Brandon Phillips,2013,10075000
Brandon Phillips,2014,11075000
Brandon Phillips,2015,12000000
Brandon Phillips,2016,13000000
Brandon Phillips,2017,14000000
Brandon Phillips,2018,79110
Brandon Wood,2012,580000
Braxton Garrett,2020,6230
Braxton Garrett,2021,67474
Braxton Garrett,2022,430752
Braxton Garrett,2023,1198898
Braxton Garrett,2024,764000
Braxton Garrett,2025,1530000
Braxton Garrett,2026,1530000
Brendan Rodgers,2019,555000
Brendan Rodgers,2020,125040
Brendan Rodgers,2021,575500
Brendan Rodgers,2022,959480
Brendan Rodgers,2023,2700000
Brendan Rodgers,2024,3200000
Brendan Rodgers,2025,2000000
Brent Honeywell,2018,545000
Brent Honeywell,2021,12364
Brent Honeywell,2022,607668
Brent Honeywell,2023,561312
Brent Honeywell,2024,275523
Brent Lillibridge,2009,402500
Brent Lillibridge,2010,416000
Brent Lillibridge,2011,430000
Brent Lillibridge,2012,221311
Brent Morel,2013,58907
Brent Morel,2014,122950
Brent Morel,2015,13866
Brett Anderson,2009,400000
Brett Anderson,2010,1500000
Brett Anderson,2011,1000000
Brett Anderson,2012,3000000
Brett Anderson,2013,5500000
Brett Anderson,2014,9000000
Brett Anderson,2015,13900000
Brett Anderson,2016,15800000
Brett Anderson,2017,3599382
Brett Anderson,2018,3268817
Brett Anderson,2019,1500000
Brett Anderson,2020,1999852
Brett Anderson,2021,2500000
Brett Cecil,2009,400000
Brett Cecil,2010,400000
Brett Cecil,2011,443100
Brett Cecil,2012,480000
Brett Cecil,2013,510000
Brett Cecil,2014,1300000
Brett Cecil,2015,2475000
Brett Cecil,2016,3800000
Brett Cecil,2017,8500000
Brett Cecil,2018,7500000
Brett Cecil,2019,7500000
Brett Cecil,2020,2842593
Brett Jackson,2012,157377
Brett Jackson,2014,46448
Brett Lawrie,2011,414000
Brett Lawrie,2012,482500
Brett Lawrie,2013,500000
Brett Lawrie,2014,516100
Brett Lawrie,2015,1925000
Brett Lawrie,2016,4125000
Brett Lawrie,2017,573770
Brett Lawrie,2019,1000000
Brett Myers,2003,300000
Brett Myers,2004,362500
Brett Myers,2005,445000
Brett Myers,2006,3300000
Brett Myers,2007,5083333
Brett Myers,2008,8583333
Brett Myers,2009,12083334
Brett Myers,2010,3100000
Brett Myers,2011,8000000
Brett Myers,2012,12000000
Brett Myers,2013,10000000
Brett Phillips,2017,154919
Brett Phillips,2018,263700
Brett Phillips,2019,134280
Brett Phillips,2020,113364
Brett Phillips,2021,584400
Brett Phillips,2022,1400000
Brett Phillips,2023,1200000
Brett Wallace,2008,1840000
Brett Wallace,2011,418000
Brett Wallace,2012,480000
Brett Wallace,2013,495000
Brett Wallace,2015,299508
Brett Wallace,2016,1000000
Brian Goodwin,2016,119239
Brian Goodwin,2017,535000
Brian Goodwin,2018,553900
Brian Goodwin,2019,583500
Brian Goodwin,2020,814814
Brian Goodwin,2021,1000000
Brian Matusz,2009,3625000
Brian Matusz,2010,500000
Brian Matusz,2011,550000
Brian Matusz,2012,650000
Brian Matusz,2013,1600000
Brian Matusz,2014,2400000
Brian Matusz,2015,3200000
Brian Matusz,2016,7802773
Brian Matusz,2022,18555556
Brian McCann,2005,316000
Brian McCann,2006,333500
Brian McCann,2007,1500000
Brian McCann,2008,800000
Brian McCann,2009,3500000
Brian McCann,2010,5500000
Brian McCann,2011,6500000
Brian McCann,2012,11500000
Brian McCann,2013,12000000
Brian McCann,2014,17000000
Brian McCann,2015,17000000
Brian McCann,2016,17000000
Brian McCann,2017,17000000
Brian McCann,2018,17000000
Brian McCann,2019,2000000
Bryan Anderson,2013,80327
Bryan Anderson,2015,38825
Bryan Bullington,2002,4000000
Bryan Bullington,2009,13180
Bryan Bullington,2010,168306
Bryce Brentz,2014,30054
Bryce Brentz,2016,133104
Bryce Harper,2011,3000000
Bryce Harper,2012,1750000
Bryce Harper,2013,2000000
Bryce Harper,2014,2650000
Bryce Harper,2015,2500000
Bryce Harper,2016,5000000
Bryce Harper,2017,13625000
Bryce Harper,2018,21725000
Bryce Harper,2019,30000000
Bryce Harper,2020,9629629
Bryce Harper,2021,26550000
Bryce Harper,2022,26100000
Bryce Harper,2023,26000000
Bryce Harper,2024,26100000
Bryce Harper,2025,26000000
Bryce Harper,2026,26000000
Bryce Harper,2027,26000000
Bryce Harper,2028,26000000
Bryce Harper,2029,22000000
Bryce Harper,2030,22000000
Bryce Harper,2031,22000000
Bubba Starling,2017,108151
Bubba Starling,2019,238720
Bubba Starling,2020,210463
Buster Posey,2009,70967
Buster Posey,2010,400000
Buster Posey,2011,575000
Buster Posey,2012,790000
Buster Posey,2013,10025000
Buster Posey,2014,10550000
Buster Posey,2015,16575000
Buster Posey,2016,20075000
Buster Posey,2017,21400000
Buster Posey,2018,21425000
Buster Posey,2019,21400000
Buster Posey,2020,24425000
Buster Posey,2021,24425000
Byron Buxton,2015,124795
Byron Buxton,2016,344523
Byron Buxton,2017,535000
Byron Buxton,2018,296210
Byron Buxton,2019,1750000
Byron Buxton,2020,1138889
Byron Buxton,2021,5125000
Byron Buxton,2022,10000000
Byron Buxton,2023,15000000
Byron Buxton,2024,15000000
Byron Buxton,2025,16000000
Byron Buxton,2026,15000000
Byron Buxton,2027,15000000
Byron Buxton,2028,15000000
Cameron Maybin,2007,91935
Cameron Maybin,2008,390000
Cameron Maybin,2009,400000
Cameron Maybin,2010,405000
Cameron Maybin,2011,429100
Cameron Maybin,2012,1000000
Cameron Maybin,2013,3000000
Cameron Maybin,2014,5000000
Cameron Maybin,2015,7000000
Cameron Maybin,2016,8000000
Cameron Maybin,2017,9000000
Cameron Maybin,2018,3250000
Cameron Maybin,2019,471472
Cameron Maybin,2020,555556
Cameron Maybin,2021,36804
Carl Crawford,2002,77419
Carl Crawford,2003,300000
Carl Crawford,2004,320000
Carl Crawford,2005,1000000
Carl Crawford,2006,2500000
Carl Crawford,2007,4000000
Carl Crawford,2008,5250000
Carl Crawford,2009,8250000
Carl Crawford,2010,10000000
Carl Crawford,2011,20000000
Carl Crawford,2012,19500000
Carl Crawford,2013,20857000
Carl Crawford,2014,21107000
Carl Crawford,2015,21357000
Carl Crawford,2016,21607000
Carl Crawford,2017,21857000
Carl Edwards Jr.,2015,74877
Carl Edwards Jr.,2016,293938
Carl Edwards Jr.,2017,556000
Carl Edwards Jr.,2018,594000
Carl Edwards Jr.,2019,1262159
Carl Edwards Jr.,2020,351852
Carl Edwards Jr.,2021,285000
Carl Edwards Jr.,2022,569208
Carl Edwards Jr.,2023,2250000
Carl Edwards Jr.,2024,15912
Carl Edwards Jr.,2025,169355
Carl Edwards Jr.,2026,37436
Carlos Carrasco,2009,74324
Carlos Carrasco,2010,72138
Carlos Carrasco,2011,415800
Carlos Carrasco,2012,488500
Carlos Carrasco,2013,214207
Carlos Carrasco,2014,504700
Carlos Carrasco,2015,2337500
Carlos Carrasco,2016,4500000
Carlos Carrasco,2017,6500000
Carlos Carrasco,2018,8000000
Carlos Carrasco,2019,9750000
Carlos Carrasco,2020,3796296
Carlos Carrasco,2021,12000000
Carlos Carrasco,2022,12000000
Carlos Carrasco,2023,14000000
Carlos Carrasco,2024,2000000
Carlos Carrasco,2025,1637097
Carlos Carrasco,2026,145662
Carlos Correa,2015,330013
Carlos Correa,2016,516700
Carlos Correa,2017,535000
Carlos Correa,2018,1000000
Carlos Correa,2019,5000000
Carlos Correa,2020,2962963
Carlos Correa,2021,11700000
Carlos Correa,2022,35100000
Carlos Correa,2023,36000000
Carlos Correa,2024,36100000
Carlos Correa,2025,36000000
Carlos Correa,2026,31500000
Carlos Correa,2027,30500000
Carlos Correa,2028,30000000
Carlos Gomez,2007,380000
Carlos Gomez,2008,395000
Carlos Gomez,2009,437500
Carlos Gomez,2010,1150000
Carlos Gomez,2011,1500000
Carlos Gomez,2012,1987500
Carlos Gomez,2013,4300000
Carlos Gomez,2014,7050000
Carlos Gomez,2015,8000000
Carlos Gomez,2016,9110920
Carlos Gomez,2017,11500000
Carlos Gomez,2018,4400000
Carlos Gomez,2019,555000
Carlos Gonzalez,2007,380000
Carlos Gonzalez,2009,403000
Carlos Gonzalez,2010,406000
Carlos Gonzalez,2011,1428571
Carlos Gonzalez,2012,5050000
Carlos Gonzalez,2013,7550000
Carlos Gonzalez,2014,10500000
Carlos Gonzalez,2015,16050000
Carlos Gonzalez,2016,17050000
Carlos Gonzalez,2017,20000000
Carlos Gonzalez,2018,8000000
Carlos Gonzalez,2019,539950
Carlos Martinez,2013,195464
Carlos Martinez,2014,460846
Carlos Martinez,2015,520000
Carlos Martinez,2016,539000
Carlos Martinez,2017,4500000
Carlos Martinez,2018,11500000
Carlos Martinez,2019,11500000
Carlos Martinez,2020,4259259
Carlos Martinez,2021,12000000
Carlos Pena,2002,202000
Carlos Pena,2003,310000
Carlos Pena,2004,330000
Carlos Pena,2005,2575000
Carlos Pena,2006,2800000
Carlos Pena,2007,800000
Carlos Pena,2008,6000000
Carlos Pena,2009,8000000
Carlos Pena,2010,10250000
Carlos Pena,2011,9959996
Carlos Pena,2012,7250000
Carlos Pena,2013,2974972
Carlos Perez,2015,424303
Carlos Perez,2016,454086
Carlos Perez,2017,143616
Carlos Perez,2018,416060
Carlos Perez,2023,740000
Carlos Quentin,2006,327000
Carlos Quentin,2007,381000
Carlos Quentin,2008,400000
Carlos Quentin,2009,550000
Carlos Quentin,2010,3200000
Carlos Quentin,2011,5050000
Carlos Quentin,2012,7025000
Carlos Quentin,2013,9500000
Carlos Quentin,2014,9500000
Carlos Quentin,2015,8000000
Carlos Rodón,2015,463128
Carlos Rodón,2016,518000
Carlos Rodón,2017,600000
Carlos Rodón,2018,2300000
Carlos Rodón,2019,4200000
Carlos Rodón,2020,1648148
Carlos Rodón,2021,3000000
Carlos Rodón,2022,21500000
Carlos Rodón,2023,27000000
Carlos Rodón,2024,27000000
Carlos Rodón,2025,27000000
Carlos Rodón,2026,27000000
Carlos Rodón,2027,27000000
Carlos Rodón,2028,27000000
Carlos Santana,2010,251390
Carlos Santana,2011,416600
Carlos Santana,2012,1501900
Carlos Santana,2013,550000
Carlos Santana,2014,3500000
Carlos Santana,2015,6000000
Carlos Santana,2016,8250000
Carlos Santana,2017,12000000
Carlos Santana,2018,25000000
Carlos Santana,2019,17000000
Carlos Santana,2020,6981481
Carlos Santana,2021,7250000
Carlos Santana,2022,11175000
Carlos Santana,2023,6725000
Carlos Santana,2024,5500000
Carlos Santana,2025,12000000
Carlos Santana,2026,2000000
Carlos Triunfel,2013,160655
Carson Fulmer,2016,94282
Carson Fulmer,2017,93536
Carson Fulmer,2018,151368
Carson Fulmer,2019,286464
Carson Fulmer,2020,252080
Carson Fulmer,2021,164268
Carson Fulmer,2022,11538
Carson Fulmer,2023,27097
Carson Fulmer,2024,692172
Carson Fulmer,2025,418817
Carson Kelly,2016,80417
Carson Kelly,2017,535000
Carson Kelly,2018,175800
Carson Kelly,2019,560000
Carson Kelly,2020,215444
Carson Kelly,2021,1700000
Carson Kelly,2022,3325000
Carson Kelly,2023,4441453
Carson Kelly,2024,3500000
Carson Kelly,2025,5500000
Carson Kelly,2026,5000000
Carson Kelly,2027,1500000
Casey Crosby,2012,482000
Casey Kelly,2013,491400
Casey Kelly,2014,501400
Casey Kelly,2015,55464
Casey Kelly,2016,507500
Casey Kelly,2018,123060
Casey Kelly,2024,19890
Casey Kelly,2025,28602
Casey Kotchman,2011,750000
Casey Kotchman,2012,3000000
Casey Kotchman,2013,700000
CC Sabathia,2001,200000
CC Sabathia,2002,1450000
CC Sabathia,2003,850000
CC Sabathia,2004,2450000
CC Sabathia,2005,4500000
CC Sabathia,2006,7000000
CC Sabathia,2007,8750000
CC Sabathia,2008,9000000
CC Sabathia,2009,23000000
CC Sabathia,2010,23000000
CC Sabathia,2011,23000000
CC Sabathia,2012,23000000
CC Sabathia,2013,23000000
CC Sabathia,2014,23000000
CC Sabathia,2015,23000000
CC Sabathia,2016,25000000
CC Sabathia,2017,25000000
CC Sabathia,2018,10500000
CC Sabathia,2019,8000000
Cesar Puello,2017,137381
Cesar Puello,2019,614680
Cesar Puello,2020,28035
Chad Bettis,2013,163333
Chad Bettis,2015,396571
Chad Bettis,2016,512500
Chad Bettis,2017,515194
Chad Bettis,2018,2000000
Chad Bettis,2019,3325000
Chad Billingsley,2006,327000
Chad Billingsley,2007,384500
Chad Billingsley,2008,415000
Chad Billingsley,2009,475000
Chad Billingsley,2010,3850000
Chad Billingsley,2011,6275000
Chad Billingsley,2012,9000000
Chad Billingsley,2013,11000000
Chad Billingsley,2014,12000000
Chad Billingsley,2015,4500000
Chase Headley,2007,380000
Chase Headley,2008,390000
Chase Headley,2009,411500
Chase Headley,2010,427700
Chase Headley,2011,2325000
Chase Headley,2012,3475000
Chase Headley,2013,8575000
Chase Headley,2014,10525000
Chase Headley,2015,14000000
Chase Headley,2016,13750000
Chase Headley,2017,14000000
Chase Headley,2018,14000000
Chi Chi González,2015,191352
Chi Chi González,2016,509500
Chi Chi González,2017,537000
Chi Chi González,2019,205896
Chi Chi González,2020,628810
Chi Chi González,2021,1100000
Chi Chi González,2022,115380
Chi Chi González,2023,42581
Chin-hui Tsao,2015,49918
Chin-hui Tsao,2016,507500
Chin-Lung Hu,2008,390000
Chin-Lung Hu,2009,401000
Chin-Lung Hu,2010,401000
Chin-Lung Hu,2011,420000
Chris Archer,2012,91805
Chris Archer,2013,326666
Chris Archer,2014,1500000
Chris Archer,2015,1000000
Chris Archer,2016,2750000
Chris Archer,2017,4750000
Chris Archer,2018,6250000
Chris Archer,2019,7500000
Chris Archer,2020,3583333
Chris Archer,2021,6500000
Chris Archer,2022,3500000
Chris Carpenter,1998,190000
Chris Carpenter,1999,400000
Chris Carpenter,2000,650000
Chris Carpenter,2001,2500000
Chris Carpenter,2002,3450000
Chris Carpenter,2003,300000
Chris Carpenter,2004,2300000
Chris Carpenter,2005,2000000
Chris Carpenter,2006,5000000
Chris Carpenter,2007,8500000
Chris Carpenter,2008,10500000
Chris Carpenter,2009,14000000
Chris Carpenter,2010,14500000
Chris Carpenter,2011,15000000
Chris Carpenter,2012,8500000
Chris Carpenter,2013,12500000
Chris Carter,2011,414000
Chris Carter,2012,480000
Chris Carter,2013,494000
Chris Carter,2014,510000
Chris Carter,2015,4175000
Chris Carter,2016,2500000
Chris Carter,2017,3500000
Chris Davis,2022,23000000
Chris Iannetta,2006,327000
Chris Iannetta,2007,381000
Chris Iannetta,2008,396000
Chris Iannetta,2009,415000
Chris Iannetta,2010,1833333
Chris Iannetta,2011,2633333
Chris Iannetta,2012,3633334
Chris Iannetta,2013,5050000
Chris Iannetta,2014,4975000
Chris Iannetta,2015,5525000
Chris Iannetta,2016,4550000
Chris Iannetta,2017,1500000
Chris Iannetta,2018,3750000
Chris Iannetta,2019,8750000
Chris Iannetta,2020,55279
Chris Marrero,2013,53551
Chris Marrero,2017,535000
Chris Nelson,2010,400000
Chris Nelson,2011,414000
Chris Nelson,2012,480000
Chris Nelson,2013,166349
Chris Owings,2013,74972
Chris Owings,2014,500000
Chris Owings,2015,512500
Chris Owings,2016,530500
Chris Owings,2017,2300000
Chris Owings,2018,3400000
Chris Owings,2019,3149194
Chris Owings,2020,208703
Chris Owings,2021,1000000
Chris Owings,2022,368165
Chris Owings,2023,100646
Chris Parmelee,2011,414000
Chris Parmelee,2012,480000
Chris Parmelee,2013,347978
Chris Parmelee,2014,395737
Chris Parmelee,2015,124795
Chris Parmelee,2016,282846
Chris Perez,2008,390000
Chris Perez,2009,402000
Chris Perez,2010,423800
Chris Perez,2011,2225000
Chris Perez,2012,4500000
Chris Perez,2013,7300000
Chris Perez,2014,2300000
Chris Perez,2015,1500000
Chris Sale,2011,425000
Chris Sale,2012,500000
Chris Sale,2013,865000
Chris Sale,2014,3515000
Chris Sale,2015,6015000
Chris Sale,2016,9165000
Chris Sale,2017,12000000
Chris Sale,2018,12515000
Chris Sale,2019,15000000
Chris Sale,2020,7407407
Chris Sale,2021,20000000
Chris Sale,2022,20000000
Chris Sale,2023,27500000
Chris Sale,2024,18100000
Chris Sale,2025,22000000
Chris Sale,2026,18000000
Chris Sale,2027,27000000
Chris Sale,2035,10000000
Chris Sale,2036,10000000
Chris Sale,2037,10000000
Chris Sale,2038,10000000
Chris Stratton,2016,85963
Chris Stratton,2017,248455
Chris Stratton,2018,445500
Chris Stratton,2019,552231
Chris Stratton,2020,217963
Chris Stratton,2021,1100000
Chris Stratton,2022,2700000
Chris Stratton,2023,2800000
Chris Stratton,2024,3500000
Chris Stratton,2025,4500000
Chris Taylor,2014,183060
Chris Taylor,2015,159600
Chris Taylor,2016,188564
Chris Taylor,2017,485218
Chris Taylor,2018,575000
Chris Taylor,2019,3500000
Chris Taylor,2020,2074074
Chris Taylor,2021,7800000
Chris Taylor,2022,15000000
Chris Taylor,2023,15000000
Chris Taylor,2024,13000000
Chris Taylor,2025,17514836
Christian Arroyo,2017,535000
Christian Arroyo,2018,178730
Christian Arroyo,2019,555000
Christian Arroyo,2020,193812
Christian Arroyo,2021,581500
Christian Arroyo,2022,1200000
Christian Arroyo,2023,2000000
Christian Bethancourt,2013,58907
Christian Bethancourt,2014,500000
Christian Bethancourt,2015,310601
Christian Bethancourt,2016,511200
Christian Bethancourt,2017,541800
Christian Bethancourt,2022,1026910
Christian Bethancourt,2023,1350000
Christian Bethancourt,2024,2069860
Christian Friedrich,2012,480000
Christian Friedrich,2013,490000
Christian Friedrich,2014,122950
Christian Friedrich,2015,512500
Christian Friedrich,2016,507500
Christian Friedrich,2017,1790000
Christian Yelich,2013,180983
Christian Yelich,2014,505000
Christian Yelich,2015,570000
Christian Yelich,2016,1000000
Christian Yelich,2017,3500000
Christian Yelich,2018,7000000
Christian Yelich,2019,9750000
Christian Yelich,2020,4629630
Christian Yelich,2021,14000000
Christian Yelich,2022,22000000
Christian Yelich,2023,22000000
Christian Yelich,2024,22050000
Christian Yelich,2025,22000000
Christian Yelich,2026,22000000
Christian Yelich,2027,22000000
Christian Yelich,2028,22000000
Christian Yelich,2029,6500000
Christian Yelich,2031,2333333
Christian Yelich,2032,2333333
Christian Yelich,2033,2333333
Christian Yelich,2034,2333333
Christian Yelich,2035,2333333
Christian Yelich,2036,2333333
Christian Yelich,2037,2333333
Christian Yelich,2038,2333333
Christian Yelich,2039,2333333
Christian Yelich,2040,2333333
Christian Yelich,2041,2333333
Christian Yelich,2042,2333337
Chris Tillman,2009,146448
Chris Tillman,2010,400000
Chris Tillman,2011,417000
Chris Tillman,2012,480000
Chris Tillman,2013,508500
Chris Tillman,2014,546000
Chris Tillman,2015,4315000
Chris Tillman,2016,6225000
Chris Tillman,2017,10050000
Chris Tillman,2018,3000000
Chris Volstad,2013,1500000
Chris Volstad,2015,11092
Chris Volstad,2017,70152
Chris Volstad,2018,310580
Chris Withrow,2012,480000
Chris Withrow,2013,265081
Chris Withrow,2014,506600
Chris Withrow,2015,522500
Chris Withrow,2016,610000
Chris Young,2007,380000
Chris Young,2008,406000
Chris Young,2009,1950000
Chris Young,2010,3450000
Chris Young,2011,5200000
Chris Young,2012,7200000
Chris Young,2013,8700000
Chris Young,2014,8323770
Chris Young,2015,2500000
Chris Young,2016,6500000
Chris Young,2017,6500000
Chris Young,2018,2000000
Chuck James,2013,341205
Chuck James,2014,81900
Chuck James,2015,446875
Chuck James,2016,564704
C.J. Edwards,2015,74877
C.J. Edwards,2016,293938
C.J. Edwards,2017,556000
C.J. Edwards,2018,594000
C.J. Edwards,2019,1262159
C.J. Edwards,2020,351852
C.J. Edwards,2021,285228
C.J. Edwards,2022,569208
C.J. Edwards,2023,2250000
C.J. Edwards,2024,15912
C.J. Edwards,2025,169355
C.J. Edwards,2026,37436
Clay Buchholz,2007,91366
Clay Buchholz,2008,396000
Clay Buchholz,2009,413500
Clay Buchholz,2010,443000
Clay Buchholz,2011,555000
Clay Buchholz,2012,4500000
Clay Buchholz,2013,5550000
Clay Buchholz,2014,7700000
Clay Buchholz,2015,12000000
Clay Buchholz,2016,13000000
Clay Buchholz,2017,13500000
Clay Buchholz,2018,1080645
Clay Buchholz,2019,3000000
Clayton Kershaw,2008,223770
Clayton Kershaw,2009,404000
Clayton Kershaw,2010,440000
Clayton Kershaw,2011,500000
Clayton Kershaw,2012,8000000
Clayton Kershaw,2013,11000000
Clayton Kershaw,2014,22000000
Clayton Kershaw,2015,30000000
Clayton Kershaw,2016,32000000
Clayton Kershaw,2017,33000000
Clayton Kershaw,2018,33000000
Clayton Kershaw,2019,30999998
Clayton Kershaw,2020,16308641
Clayton Kershaw,2021,31000001
Clayton Kershaw,2022,20000000
Clayton Kershaw,2023,20000000
Clayton Kershaw,2024,7500000
Clayton Kershaw,2025,16000000
Cliff Lee,2002,200000
Cliff Lee,2003,300900
Cliff Lee,2004,303200
Cliff Lee,2005,345000
Cliff Lee,2006,1750000
Cliff Lee,2007,2750000
Cliff Lee,2008,4100000
Cliff Lee,2009,5750000
Cliff Lee,2010,8100000
Cliff Lee,2011,11050000
Cliff Lee,2012,21500000
Cliff Lee,2013,25050000
Cliff Lee,2014,25000000
Cliff Lee,2015,25000000
Cliff Lee,2016,12500000
Cliff Pennington,2008,390000
Cliff Pennington,2009,400000
Cliff Pennington,2010,405000
Cliff Pennington,2011,420000
Cliff Pennington,2012,490000
Cliff Pennington,2013,2250000
Cliff Pennington,2014,2750000
Cliff Pennington,2015,3275000
Cliff Pennington,2016,1500000
Cliff Pennington,2017,2250000
Cliff Pennington,2018,233885
Clint Frazier,2017,535000
Clint Frazier,2018,297594
Clint Frazier,2019,320968
Clint Frazier,2020,165801
Clint Frazier,2021,2100000
Clint Frazier,2022,1500000
Clint Frazier,2023,166453
Cody Bellinger,2017,467680
Cody Bellinger,2018,585000
Cody Bellinger,2019,605000
Cody Bellinger,2020,4259259
Cody Bellinger,2021,16100000
Cody Bellinger,2022,17000000
Cody Bellinger,2023,12500000
Cody Bellinger,2024,32500000
Cody Bellinger,2025,35000000
Cody Bellinger,2026,55000000
Cody Bellinger,2027,32500000
Cody Bellinger,2028,25800000
Cody Bellinger,2029,25800000
Cody Bellinger,2030,25900000
Cody Reed,2017,173106
Cody Reed,2018,210960
Cody Reed,2019,555000
Cody Reed,2020,190200
Cody Reed,2021,581200
Colby Lewis,2002,200000
Colby Lewis,2003,302500
Colby Lewis,2004,337500
Colby Lewis,2005,339500
Colby Lewis,2007,500000
Colby Lewis,2008,600000
Colby Lewis,2010,1750000
Colby Lewis,2011,3000000
Colby Lewis,2012,3250000
Colby Lewis,2013,2000000
Colby Lewis,2014,2000000
Colby Lewis,2015,4000000
Colby Lewis,2016,6000000
Colby Rasmus,2009,400000
Colby Rasmus,2010,418000
Colby Rasmus,2011,443000
Colby Rasmus,2012,2700000
Colby Rasmus,2013,4675000
Colby Rasmus,2014,7000000
Colby Rasmus,2015,8000000
Colby Rasmus,2016,15800000
Colby Rasmus,2017,2786918
Colby Rasmus,2018,3000000
Cole Hamels,2006,327000
Cole Hamels,2007,400000
Cole Hamels,2008,500000
Cole Hamels,2009,4350000
Cole Hamels,2010,6650000
Cole Hamels,2011,9550000
Cole Hamels,2012,15000000
Cole Hamels,2013,25500000
Cole Hamels,2014,22500000
Cole Hamels,2015,22500000
Cole Hamels,2016,22500000
Cole Hamels,2017,22500000
Cole Hamels,2018,22499999
Cole Hamels,2019,20000000
Cole Hamels,2020,6666667
Cole Hamels,2021,322581
Collin Balester,2015,507500
Conor Jackson,2003,1500000
Conor Jackson,2005,316000
Conor Jackson,2006,328000
Conor Jackson,2007,392000
Conor Jackson,2008,419500
Conor Jackson,2009,3050000
Conor Jackson,2010,3100000
Conor Jackson,2011,3200000
Corey Patterson,2002,227500
Corey Patterson,2003,365000
Corey Patterson,2004,480000
Corey Patterson,2005,2800000
Corey Patterson,2006,2800000
Corey Patterson,2007,4300000
Corey Patterson,2008,3000000
Corey Patterson,2009,900000
Corey Ray,2021,9201
Corey Seager,2015,85969
Corey Seager,2016,510000
Corey Seager,2017,575000
Corey Seager,2018,605000
Corey Seager,2019,4000000
Corey Seager,2020,2814815
Corey Seager,2021,13750000
Corey Seager,2022,37500000
Corey Seager,2023,35000000
Corey Seager,2024,34500000
Corey Seager,2025,32000000
Corey Seager,2026,31000000
Corey Seager,2027,31000000
Corey Seager,2028,31000000
Corey Seager,2029,31000000
Corey Seager,2030,31000000
Corey Seager,2031,31000000
Cory Spangenberg,2014,76502
Cory Spangenberg,2015,508500
Cory Spangenberg,2016,517700
Cory Spangenberg,2017,545000
Cory Spangenberg,2018,1700000
Cory Spangenberg,2019,238724
Cory Spangenberg,2022,15384
Craig Kimbrel,2010,144262
Craig Kimbrel,2011,419000
Craig Kimbrel,2012,590000
Craig Kimbrel,2013,655000
Craig Kimbrel,2014,8050000
Craig Kimbrel,2015,9000000
Craig Kimbrel,2016,11050000
Craig Kimbrel,2017,13000000
Craig Kimbrel,2018,13050000
Craig Kimbrel,2019,10000000
Craig Kimbrel,2020,5925926
Craig Kimbrel,2021,16000000
Craig Kimbrel,2022,16000000
Craig Kimbrel,2023,10000000
Craig Kimbrel,2024,13600000
Craig Kimbrel,2025,451613
Craig Kimbrel,2026,1065333
Curtis Granderson,2005,316000
Curtis Granderson,2006,335000
Curtis Granderson,2007,410000
Curtis Granderson,2008,1000000
Curtis Granderson,2009,3525000
Curtis Granderson,2010,5500000
Curtis Granderson,2011,8325000
Curtis Granderson,2012,10025000
Curtis Granderson,2013,15000000
Curtis Granderson,2014,13000000
Curtis Granderson,2015,16000000
Curtis Granderson,2016,16000000
Curtis Granderson,2017,15000000
Curtis Granderson,2018,833342
Curtis Granderson,2019,1750000
Daisuke Matsuzaka,2007,6333333
Daisuke Matsuzaka,2008,8333333
Daisuke Matsuzaka,2009,8333333
Daisuke Matsuzaka,2010,8333333
Daisuke Matsuzaka,2011,10333333
Daisuke Matsuzaka,2012,10333334
Daisuke Matsuzaka,2013,1990000
Daisuke Matsuzaka,2014,1500000
Dallas McPherson,2007,382500
Dallas McPherson,2008,425000
Dallas McPherson,2009,122951
Dallas McPherson,2011,29409
Dalton Pompey,2014,73770
Dalton Pompey,2015,166721
Dalton Pompey,2016,85963
Dalton Pompey,2017,539000
Dalton Pompey,2018,26370
Dalton Pompey,2019,354042
Daniel Bard,2013,305326
Daniel Bard,2020,208703
Daniel Bard,2021,2925000
Daniel Bard,2022,4400000
Daniel Bard,2023,9500000
Daniel Bard,2024,9500000
Daniel Corcino,2014,90163
Daniel Corcino,2018,14650
Daniel Hudson,2009,65573
Daniel Hudson,2010,179234
Daniel Hudson,2011,419000
Daniel Hudson,2012,504000
Daniel Hudson,2013,518500
Daniel Hudson,2014,700000
Daniel Hudson,2015,800000
Daniel Hudson,2016,2700000
Daniel Hudson,2017,5500000
Daniel Hudson,2018,5968000
Daniel Hudson,2019,1500000
Daniel Hudson,2020,2000000
Daniel Hudson,2021,6000000
Daniel Hudson,2022,6000000
Daniel Hudson,2023,6500000
Daniel Hudson,2024,2000000
Daniel Norris,2015,252959
Daniel Norris,2016,340131
Daniel Norris,2017,545500
Daniel Norris,2018,561400
Daniel Norris,2019,1275000
Daniel Norris,2020,1097222
Daniel Norris,2021,3475000
Daniel Norris,2022,2450000
Daniel Norris,2023,286454
Daniel Robertson,2017,280608
Daniel Robertson,2018,548300
Daniel Robertson,2019,367920
Daniel Robertson,2020,413625
Daniel Robertson,2021,900000
Danny Duffy,2011,303147
Danny Duffy,2012,487750
Danny Duffy,2013,505125
Danny Duffy,2014,485759
Danny Duffy,2015,2425000
Danny Duffy,2016,4225000
Danny Duffy,2017,5000000
Danny Duffy,2018,14000000
Danny Duffy,2019,15250000
Danny Duffy,2020,5648148
Danny Duffy,2021,15500000
Danny Duffy,2022,3000000
Danny Hultzen,2011,1700000
Danny Hultzen,2012,1700000
Danny Hultzen,2013,1700000
Danny Hultzen,2014,1700000
Danny Hultzen,2015,1700000
Danny Hultzen,2019,68632
Dansby Swanson,2016,130331
Dansby Swanson,2017,498719
Dansby Swanson,2018,565000
Dansby Swanson,2019,585000
Dansby Swanson,2020,1166667
Dansby Swanson,2021,6000000
Dansby Swanson,2022,10000000
Dansby Swanson,2023,20000000
Dansby Swanson,2024,25000000
Dansby Swanson,2025,27000000
Dansby Swanson,2026,27000000
Dansby Swanson,2027,27000000
Dansby Swanson,2028,26000000
Dansby Swanson,2029,25000000
Daric Barton,2003,975000
Daric Barton,2014,1250000
David Dahl,2016,507500
David Dahl,2017,316872
David Dahl,2018,452421
David Dahl,2019,560000
David Dahl,2020,916667
David Dahl,2021,2700000
David Dahl,2023,336000
David Dahl,2024,255376
David Paulino,2016,74871
David Paulino,2017,536100
David Paulino,2018,76180
David Paulino,2021,6134
David Price,2007,1433333
David Price,2008,1583333
David Price,2009,1683333
David Price,2010,2013333
David Price,2011,2183333
David Price,2012,5283333
David Price,2013,11112500
David Price,2014,14000000
David Price,2015,19750000
David Price,2016,30000000
David Price,2017,30000000
David Price,2018,30000000
David Price,2019,31000000
David Price,2021,32000000
David Price,2022,32000000
David Wright,2005,322500
David Wright,2006,374000
David Wright,2007,2600000
David Wright,2008,5100000
David Wright,2009,7550000
David Wright,2010,10050000
David Wright,2011,14000000
David Wright,2012,15050000
David Wright,2013,11100000
David Wright,2014,20000000
David Wright,2015,20000000
David Wright,2016,20000000
David Wright,2017,20000000
David Wright,2018,20000000
David Wright,2019,15000000
David Wright,2020,12000000
Dayan Viciedo,2009,5000000
Dayan Viciedo,2010,1250000
Dayan Viciedo,2011,1250000
Dayan Viciedo,2012,2500000
Dayan Viciedo,2013,2800000
Dayan Viciedo,2014,2800000
Dayan Viciedo,2015,721311
Daz Cameron,2020,59185
Daz Cameron,2021,291365
Daz Cameron,2022,188454
Daz Cameron,2024,521118
Daz Cameron,2025,283333
Deck McGuire,2017,58460
Deck McGuire,2018,190450
Dee Strange-Gordon,2011,414000
Dee Strange-Gordon,2012,485000
Dee Strange-Gordon,2013,175213
Dee Strange-Gordon,2014,515000
Dee Strange-Gordon,2015,2500000
Dee Strange-Gordon,2016,3188524
Dee Strange-Gordon,2017,7500000
Dee Strange-Gordon,2018,10500000
Dee Strange-Gordon,2019,13000000
Dee Strange-Gordon,2020,6000000
Dee Strange-Gordon,2022,320908
Delino DeShields,2015,507500
Delino DeShields,2016,322164
Delino DeShields,2017,540300
Delino DeShields,2018,549458
Delino DeShields,2019,1400000
Delino DeShields,2020,694444
Delino DeShields,2021,98144
Dellin Betances,2011,414000
Dellin Betances,2013,104426
Dellin Betances,2014,502100
Dellin Betances,2015,507500
Dellin Betances,2016,507500
Dellin Betances,2017,3000000
Dellin Betances,2018,5100000
Dellin Betances,2019,7250000
Dellin Betances,2020,6411815
Dellin Betances,2021,6000000
Delmon Young,2006,500000
Delmon Young,2007,600000
Delmon Young,2009,1152000
Delmon Young,2010,2600000
Delmon Young,2011,5375000
Delmon Young,2012,6750000
Delmon Young,2013,830327
Delmon Young,2014,1000000
Delmon Young,2015,2250000
Deolis Guerra,2015,163620
Deolis Guerra,2016,507500
Deolis Guerra,2017,225071
Deolis Guerra,2019,5968
Deolis Guerra,2020,124380
Deolis Guerra,2021,545926
Deolis Guerra,2022,815000
Derek Fisher,2017,216302
Derek Fisher,2018,226556
Derek Fisher,2019,243648
Derek Fisher,2020,214667
Derek Fisher,2021,259790
Derek Holland,2009,400000
Derek Holland,2010,414430
Derek Holland,2011,431810
Derek Holland,2012,1000000
Derek Holland,2013,3200000
Derek Holland,2014,5400000
Derek Holland,2015,7400000
Derek Holland,2016,10000000
Derek Holland,2017,7500000
Derek Holland,2018,1750000
Derek Holland,2019,7000000
Derek Holland,2020,370370
Derek Holland,2021,925000
Derek Norris,2012,480000
Derek Norris,2013,492500
Derek Norris,2014,505000
Derek Norris,2015,545000
Derek Norris,2016,2925000
Derek Norris,2017,1900000
Desmond Jennings,2010,400000
Desmond Jennings,2011,414000
Desmond Jennings,2012,486900
Desmond Jennings,2013,501800
Desmond Jennings,2014,517000
Desmond Jennings,2015,3100000
Desmond Jennings,2016,3300000
Desmond Jennings,2017,1500000
Devin Mesoraco,2011,414000
Devin Mesoraco,2012,480000
Devin Mesoraco,2013,497500
Devin Mesoraco,2014,525000
Devin Mesoraco,2015,2900000
Devin Mesoraco,2016,4900000
Devin Mesoraco,2017,7200000
Devin Mesoraco,2018,13125000
Dexter Fowler,2010,406000
Dexter Fowler,2011,424000
Dexter Fowler,2012,2350000
Dexter Fowler,2013,4250000
Dexter Fowler,2014,7350000
Dexter Fowler,2015,9500000
Dexter Fowler,2016,8000000
Dexter Fowler,2017,16500000
Dexter Fowler,2018,16500000
Dexter Fowler,2019,16500000
Dexter Fowler,2020,7370370
Dexter Fowler,2021,16500000
Dillon Tate,2019,555000
Dillon Tate,2020,209259
Dillon Tate,2021,574500
Dillon Tate,2022,711500
Dillon Tate,2023,1500000
Dillon Tate,2024,1500000
Dillon Tate,2025,300538
Dioner Navarro,2006,322000
Dioner Navarro,2007,399800
Dioner Navarro,2008,4125000
Dioner Navarro,2009,2100000
Dioner Navarro,2010,2100000
Dioner Navarro,2011,1000000
Dioner Navarro,2012,800000
Dioner Navarro,2013,1750000
Dioner Navarro,2014,3000000
Dioner Navarro,2015,5000000
Dioner Navarro,2016,4000000
D.J. Peterson,2017,344914
Domingo Santana,2015,193715
Domingo Santana,2016,513800
Domingo Santana,2017,542200
Domingo Santana,2018,356932
Domingo Santana,2019,1950000
Domingo Santana,2020,805556
Dominic Smith,2017,151996
Dominic Smith,2018,219750
Dominic Smith,2019,541260
Dominic Smith,2020,214380
Dominic Smith,2021,2550000
Dominic Smith,2022,3950000
Dominic Smith,2023,2000000
Dominic Smith,2024,1097521
Dominic Smith,2025,943548
Dominic Smith,2026,1250000
Domonic Brown,2011,414000
Domonic Brown,2012,480000
Domonic Brown,2013,500000
Domonic Brown,2014,550000
Domonic Brown,2015,2600000
Donnie Veal,2012,146888
Donnie Veal,2013,309918
Dontrelle Willis,2003,229032
Dontrelle Willis,2004,353500
Dontrelle Willis,2005,378500
Dontrelle Willis,2006,4350000
Dontrelle Willis,2007,6500000
Dontrelle Willis,2008,7000000
Dontrelle Willis,2009,10000000
Dontrelle Willis,2010,12000000
Dontrelle Willis,2011,414000
Dontrelle Willis,2012,139344
Drake Britton,2012,480000
Drake Britton,2013,208852
Drake Britton,2014,503000
Drew Pomeranz,2011,49764
Drew Pomeranz,2012,309514
Drew Pomeranz,2013,222240
Drew Pomeranz,2014,369781
Drew Pomeranz,2015,517500
Drew Pomeranz,2016,2102460
Drew Pomeranz,2017,4450000
Drew Pomeranz,2018,8500000
Drew Pomeranz,2019,1500000
Drew Pomeranz,2020,3481481
Drew Pomeranz,2021,8000000
Drew Pomeranz,2022,10000000
Drew Pomeranz,2023,10000000
Drew Pomeranz,2024,64516
Drew Pomeranz,2025,1282258
Drew Pomeranz,2026,4000000
Drew Smyly,2012,390819
Drew Smyly,2013,498000
Drew Smyly,2014,520000
Drew Smyly,2015,2650000
Drew Smyly,2016,3750000
Drew Smyly,2017,6850000
Drew Smyly,2018,3000000
Drew Smyly,2019,7211855
Drew Smyly,2020,1574481
Drew Smyly,2021,11000000
Drew Smyly,2022,5250000
Drew Smyly,2023,10000000
Drew Smyly,2024,13000000
Drew Storen,2010,400000
Drew Storen,2011,418000
Drew Storen,2012,498750
Drew Storen,2013,2500000
Drew Storen,2014,3450000
Drew Storen,2015,5700000
Drew Storen,2016,8375000
Drew Storen,2017,3150000
Drew Stubbs,2010,400000
Drew Stubbs,2011,450000
Drew Stubbs,2012,527500
Drew Stubbs,2013,2825000
Drew Stubbs,2014,4100000
Drew Stubbs,2015,91516
Drew Stubbs,2016,293938
Duane Underwood Jr.,2019,125328
Duane Underwood Jr.,2020,209259
Duane Underwood Jr.,2021,584500
Duane Underwood Jr.,2022,725000
Duane Underwood Jr.,2023,1025000
Dustin Ackley,2010,1600000
Dustin Ackley,2011,1500000
Dustin Ackley,2012,2100000
Dustin Ackley,2013,2700000
Dustin Ackley,2014,1700000
Dustin Ackley,2015,2600000
Dustin Ackley,2016,3200000
Dustin Ackley,2017,2250000
Dustin McGowan,2005,316000
Dustin McGowan,2007,380000
Dustin McGowan,2008,404100
Dustin McGowan,2009,419400
Dustin McGowan,2010,500000
Dustin McGowan,2011,450000
Dustin McGowan,2012,600000
Dustin McGowan,2013,1500000
Dustin McGowan,2014,1500000
Dustin McGowan,2015,670696
Dustin McGowan,2016,1000000
Dustin McGowan,2017,1750000
Dustin Pedroia,2006,153984
Dustin Pedroia,2007,380000
Dustin Pedroia,2008,457000
Dustin Pedroia,2009,1750000
Dustin Pedroia,2010,3750000
Dustin Pedroia,2011,5750000
Dustin Pedroia,2012,8250000
Dustin Pedroia,2013,10250000
Dustin Pedroia,2014,11500000
Dustin Pedroia,2015,10500000
Dustin Pedroia,2016,11100000
Dustin Pedroia,2017,13000000
Dustin Pedroia,2018,13500000
Dustin Pedroia,2019,12500000
Dustin Pedroia,2020,4637737
Dustin Pedroia,2021,14000000
Dustin Pedroia,2022,2000000
Dustin Pedroia,2023,2000000
Dustin Pedroia,2024,2000000
Dustin Pedroia,2025,2500000
Dustin Pedroia,2026,2500000
Dustin Pedroia,2027,2500000
Dustin Pedroia,2028,2500000
Dylan Bundy,2011,1245000
Dylan Bundy,2012,1245000
Dylan Bundy,2013,1245000
Dylan Bundy,2014,1245000
Dylan Bundy,2015,1245000
Dylan Bundy,2016,1800000
Dylan Bundy,2017,1640000
Dylan Bundy,2018,1640000
Dylan Bundy,2019,2800000
Dylan Bundy,2020,1851852
Dylan Bundy,2021,8325000
Dylan Bundy,2022,5000000
Dylan Cease,2019,265576
Dylan Cease,2020,212963
Dylan Cease,2021,600000
Dylan Cease,2022,3207426
Dylan Cease,2023,5700000
Dylan Cease,2024,8000000
Dylan Cease,2025,13750000
Dylan Cease,2026,35000000
Dylan Cease,2027,21000000
Dylan Cease,2028,20000000
Dylan Cease,2029,19000000
Dylan Cease,2030,18000000
Dylan Cease,2031,17000000
Dylan Cease,2032,16000000
Dylan Cease,2033,5000000
Dylan Cease,2034,5000000
Dylan Cease,2035,4500000
Dylan Cease,2036,4500000
Dylan Cease,2037,4500000
Eddie Butler,2015,250573
Eddie Butler,2016,268981
Eddie Butler,2017,535000
Eddie Butler,2018,570750
Edinson Volquez,2013,88360
Edinson Volquez,2015,7500000
Edinson Volquez,2016,9500000
Edinson Volquez,2017,9000000
Edinson Volquez,2018,13000000
Edinson Volquez,2020,370370
Eduardo Rodriguez,2015,360519
Eduardo Rodriguez,2016,241995
Eduardo Rodriguez,2017,584500
Eduardo Rodriguez,2018,2375000
Eduardo Rodriguez,2019,4325000
Eduardo Rodriguez,2020,3074074
Eduardo Rodriguez,2021,8300000
Eduardo Rodriguez,2022,14000000
Eduardo Rodriguez,2023,14000000
Eduardo Rodriguez,2024,14000000
Eduardo Rodriguez,2025,20000000
Eduardo Rodriguez,2026,21000000
Eduardo Rodriguez,2027,19000000
Eduardo Rodriguez,2028,6000000
Edwin Encarnacion,2006,332500
Edwin Encarnacion,2007,407500
Edwin Encarnacion,2008,450000
Edwin Encarnacion,2009,2425000
Edwin Encarnacion,2010,5175000
Edwin Encarnacion,2011,2000000
Edwin Encarnacion,2012,3500000
Edwin Encarnacion,2013,8000000
Edwin Encarnacion,2014,9000000
Edwin Encarnacion,2015,10000000
Edwin Encarnacion,2016,10000000
Edwin Encarnacion,2017,18150000
Edwin Encarnacion,2018,17000000
Edwin Encarnacion,2019,33666668
Edwin Encarnacion,2020,5074074
Edwin Jackson,2005,316000
Edwin Jackson,2006,327000
Edwin Jackson,2007,392300
Edwin Jackson,2008,412700
Edwin Jackson,2009,2300000
Edwin Jackson,2010,5000000
Edwin Jackson,2011,8349999
Edwin Jackson,2012,11000000
Edwin Jackson,2013,19000000
Edwin Jackson,2014,11000000
Edwin Jackson,2015,12141434
Edwin Jackson,2016,10869628
Edwin Jackson,2017,2865264
Edwin Jackson,2018,790370
Edwin Jackson,2019,343160
Eloy Jiménez,2019,6000000
Eloy Jiménez,2020,555556
Eloy Jiménez,2021,3500000
Eloy Jiménez,2022,6500000
Eloy Jiménez,2023,9500000
Eloy Jiménez,2024,16000000
Eloy Jiménez,2026,90916
Elvis Andrus,2009,400000
Elvis Andrus,2010,418420
Elvis Andrus,2011,452180
Elvis Andrus,2012,3125000
Elvis Andrus,2013,4800000
Elvis Andrus,2014,6475000
Elvis Andrus,2015,17000000
Elvis Andrus,2016,15000000
Elvis Andrus,2017,15000000
Elvis Andrus,2018,15000000
Elvis Andrus,2019,15000000
Elvis Andrus,2020,5555556
Elvis Andrus,2021,14800000
Elvis Andrus,2022,14184608
Elvis Andrus,2023,3000000
Enny Romero,2013,24098
Enny Romero,2015,174713
Enny Romero,2016,510000
Enny Romero,2017,551000
Enny Romero,2018,267344
Eric Hosmer,2011,414000
Eric Hosmer,2012,502500
Eric Hosmer,2013,528250
Eric Hosmer,2014,3600000
Eric Hosmer,2015,5700000
Eric Hosmer,2016,8350000
Eric Hosmer,2017,12250000
Eric Hosmer,2018,25000000
Eric Hosmer,2019,20000000
Eric Hosmer,2020,7407407
Eric Hosmer,2021,20000000
Eric Hosmer,2022,20000000
Eric Hosmer,2023,13197421
Eric Hosmer,2024,13000000
Eric Hosmer,2025,13000000
Erick Aybar,2006,327500
Erick Aybar,2007,382500
Erick Aybar,2008,415000
Erick Aybar,2009,485000
Erick Aybar,2010,2150000
Erick Aybar,2011,3075000
Erick Aybar,2012,5075000
Erick Aybar,2013,9500000
Erick Aybar,2014,8550000
Erick Aybar,2015,8500000
Erick Aybar,2016,11250000
Erick Aybar,2017,1750000
Erick Fedde,2017,105228
Erick Fedde,2018,325230
Erick Fedde,2019,355096
Erick Fedde,2020,208703
Erick Fedde,2021,575000
Erick Fedde,2022,2150000
Erick Fedde,2024,7500000
Erick Fedde,2025,7499998
Erick Fedde,2026,1500000
Ervin Santana,2005,316000
Ervin Santana,2006,350000
Ervin Santana,2007,425000
Ervin Santana,2008,445000
Ervin Santana,2009,3800000
Ervin Santana,2010,6000000
Ervin Santana,2011,8000000
Ervin Santana,2012,11200000
Ervin Santana,2013,13000000
Ervin Santana,2014,14100000
Ervin Santana,2015,7598360
Ervin Santana,2016,13500000
Ervin Santana,2017,13500000
Ervin Santana,2018,13500000
Ervin Santana,2019,1716667
Ervin Santana,2021,1500000
Evan Longoria,2008,550000
Evan Longoria,2009,625000
Evan Longoria,2010,1000000
Evan Longoria,2011,2500000
Evan Longoria,2012,4500000
Evan Longoria,2013,6000000
Evan Longoria,2014,7500000
Evan Longoria,2015,11000000
Evan Longoria,2016,12100000
Evan Longoria,2017,13025000
Evan Longoria,2018,14000000
Evan Longoria,2019,14500000
Evan Longoria,2020,7552890
Evan Longoria,2021,18500000
Evan Longoria,2022,24500000
Evan Longoria,2023,5000000
Felipe Lopez,2002,221000
Felipe Lopez,2003,334000
Felipe Lopez,2004,360000
Felipe Lopez,2005,415000
Felipe Lopez,2006,2700000
Felipe Lopez,2007,3900000
Felipe Lopez,2008,4900000
Felipe Lopez,2009,5486487
Felipe Lopez,2010,1000000
Felipe Lopez,2011,273224
Felix Hernandez,2006,340000
Felix Hernandez,2007,420000
Felix Hernandez,2008,540000
Felix Hernandez,2009,3875000
Felix Hernandez,2010,7200000
Felix Hernandez,2011,11950000
Felix Hernandez,2012,19750000
Felix Hernandez,2013,20607142
Felix Hernandez,2014,23607142
Felix Hernandez,2015,24907142
Felix Hernandez,2016,25857142
Felix Hernandez,2017,26857142
Felix Hernandez,2018,26857142
Felix Hernandez,2019,27857142
Felix Pie,2008,401500
Felix Pie,2009,410000
Felix Pie,2011,985000
Fernando Martinez,2013,99677
Forrest Wall,2023,224518
Forrest Wall,2024,189504
Forrest Whitley,2024,23868
Forrest Whitley,2025,400430
Francisco Lindor,2009,18
Francisco Lindor,2010,56
Francisco Lindor,2015,316147
Francisco Lindor,2016,540300
Francisco Lindor,2017,579300
Francisco Lindor,2018,623200
Francisco Lindor,2019,10550000
Francisco Lindor,2020,6481481
Francisco Lindor,2021,22300000
Francisco Lindor,2022,48000000
Francisco Lindor,2023,27050000
Francisco Lindor,2024,27075000
Francisco Lindor,2025,27050000
Francisco Lindor,2026,27000000
Francisco Lindor,2027,27000000
Francisco Lindor,2028,27000000
Francisco Lindor,2029,27000000
Francisco Lindor,2030,27000000
Francisco Lindor,2031,27000000
Francisco Lindor,2032,5000000
Francisco Lindor,2033,5000000
Francisco Lindor,2034,5000000
Francisco Lindor,2035,5000000
Francisco Lindor,2036,5000000
Francisco Lindor,2037,5000000
Francisco Lindor,2038,5000000
Francisco Lindor,2039,5000000
Francisco Lindor,2040,5000000
Francisco Lindor,2041,5000000
Francisco Lindor,2042,5000000
Francisco Liriano,2005,316000
Francisco Liriano,2006,327000
Francisco Liriano,2007,327000
Francisco Liriano,2008,410000
Francisco Liriano,2009,430000
Francisco Liriano,2010,1600000
Francisco Liriano,2011,4300000
Francisco Liriano,2012,5500000
Francisco Liriano,2013,1000000
Francisco Liriano,2014,6000000
Francisco Liriano,2015,13000000
Francisco Liriano,2016,13000000
Francisco Liriano,2017,13000000
Francisco Liriano,2018,4000000
Francisco Liriano,2019,1800000
Francisco Mejía,2017,90613
Francisco Mejía,2018,84970
Francisco Mejía,2019,508470
Francisco Mejía,2020,182700
Francisco Mejía,2021,586300
Francisco Mejía,2022,1455000
Francisco Mejía,2023,2155000
Francisco Peguero,2011,414000
Francisco Peguero,2012,480000
Francisco Peguero,2013,123295
Francisco Peguero,2014,550000
Francisco Rodriguez,2003,312500
Francisco Rodriguez,2004,375000
Francisco Rodriguez,2005,440000
Francisco Rodriguez,2006,3775000
Francisco Rodriguez,2007,7000000
Francisco Rodriguez,2008,10000000
Francisco Rodriguez,2009,10500000
Francisco Rodriguez,2010,11500000
Francisco Rodriguez,2011,12166666
Francisco Rodriguez,2012,11500000
Francisco Rodriguez,2013,2000000
Francisco Rodriguez,2014,3250000
Francisco Rodriguez,2015,3500000
Francisco Rodriguez,2016,5500000
Francisco Rodriguez,2017,6000000
Francisco Rodriguez,2018,2000000
Francis Martes,2017,535000
Francis Martes,2019,555000
Frankie Montas,2015,94289
Frankie Montas,2016,334419
Frankie Montas,2017,232023
Frankie Montas,2018,208030
Frankie Montas,2019,319120
Frankie Montas,2020,212407
Frankie Montas,2021,1800000
Frankie Montas,2022,5025000
Frankie Montas,2023,7500000
Frankie Montas,2024,16000000
Frankie Montas,2025,17000000
Frankie Montas,2026,17000000
Franklin Barreto,2017,128612
Franklin Barreto,2018,263700
Franklin Barreto,2019,188811
Franklin Barreto,2020,210581
Franklin Barreto,2021,600500
Franklin Gutierrez,2005,316000
Franklin Gutierrez,2006,327000
Franklin Gutierrez,2007,381900
Franklin Gutierrez,2008,404400
Franklin Gutierrez,2009,455000
Franklin Gutierrez,2010,3250000
Franklin Gutierrez,2011,4000000
Franklin Gutierrez,2012,5500000
Franklin Gutierrez,2013,7000000
Franklin Gutierrez,2014,1500000
Franklin Gutierrez,2015,285642
Franklin Gutierrez,2016,2500000
Franklin Gutierrez,2017,2600000
Franklin Morales,2007,91366
Franklin Morales,2008,391000
Franklin Morales,2009,402000
Franklin Morales,2010,406000
Franklin Morales,2011,424000
Franklin Morales,2012,850000
Franklin Morales,2013,1487500
Franklin Morales,2014,1712500
Franklin Morales,2015,1850000
Franklin Morales,2016,2000000
Freddie Freeman,2010,72131
Freddie Freeman,2011,414500
Freddie Freeman,2012,535000
Freddie Freeman,2013,560000
Freddie Freeman,2014,8050000
Freddie Freeman,2015,8500000
Freddie Freeman,2016,12000000
Freddie Freeman,2017,20500000
Freddie Freeman,2018,21250000
Freddie Freeman,2019,21050000
Freddie Freeman,2020,8348148
Freddie Freeman,2021,22050000
Freddie Freeman,2022,20000000
Freddie Freeman,2023,20000000
Freddie Freeman,2024,20000000
Freddie Freeman,2025,15000000
Freddie Freeman,2026,15000000
Freddie Freeman,2027,15000000
Freddie Freeman,2028,4000000
Freddie Freeman,2029,4000000
Freddie Freeman,2030,4000000
Freddie Freeman,2031,4000000
Freddie Freeman,2032,4000000
Freddie Freeman,2033,4000000
Freddie Freeman,2034,4000000
Freddie Freeman,2035,4000000
Freddie Freeman,2036,5000000
Freddie Freeman,2037,5000000
Freddie Freeman,2038,5000000
Freddie Freeman,2039,5000000
Freddie Freeman,2040,5000000
Fred Lewis,2005,316000
Fred Lewis,2006,327500
Fred Lewis,2007,380000
Fred Lewis,2008,392000
Fred Lewis,2009,440000
Fred Lewis,2010,455000
Fred Lewis,2011,900000
Garrett Richards,2011,414000
Garrett Richards,2012,480000
Garrett Richards,2013,495000
Garrett Richards,2014,520000
Garrett Richards,2015,3200000
Garrett Richards,2016,6425000
Garrett Richards,2017,6850000
Garrett Richards,2018,7300000
Garrett Richards,2019,7000000
Garrett Richards,2020,3889148
Garrett Richards,2021,11000000
Garrett Richards,2022,5500000
Gary Brown,2010,1450000
Gary Brown,2014,71038
Gary Sánchez,2015,58237
Gary Sánchez,2016,171926
Gary Sánchez,2017,557900
Gary Sánchez,2018,620400
Gary Sánchez,2019,669800
Gary Sánchez,2020,1851852
Gary Sánchez,2021,6350000
Gary Sánchez,2022,9000000
Gary Sánchez,2023,1500000
Gary Sánchez,2024,7000000
Gary Sánchez,2025,8500000
Gary Sánchez,2026,1750000
Gavin Cecchini,2016,74871
Gavin Cecchini,2017,157842
Gavin Floyd,2005,316000
Gavin Floyd,2006,330000
Gavin Floyd,2007,380000
Gavin Floyd,2008,400000
Gavin Floyd,2009,750000
Gavin Floyd,2010,2750000
Gavin Floyd,2011,5000000
Gavin Floyd,2012,7000000
Gavin Floyd,2013,9500000
Gavin Floyd,2014,4000000
Gavin Floyd,2015,4000000
Gavin Floyd,2016,1000000
George Springer,2014,453512
George Springer,2015,512900
George Springer,2016,522400
George Springer,2017,3900000
George Springer,2018,12000000
George Springer,2019,12000000
George Springer,2020,7777778
George Springer,2021,32000000
George Springer,2022,28000000
George Springer,2023,22500000
George Springer,2024,22500000
George Springer,2025,22550000
George Springer,2026,22500000
Geovany Soto,2007,380000
Geovany Soto,2008,401000
Geovany Soto,2009,575000
Geovany Soto,2010,575000
Geovany Soto,2011,3000000
Geovany Soto,2012,4300000
Geovany Soto,2013,2750000
Geovany Soto,2014,3050000
Geovany Soto,2015,1500000
Geovany Soto,2016,2800000
Geovany Soto,2017,2000000
Gerardo Parra,2009,400000
Gerardo Parra,2010,4055000
Gerardo Parra,2011,426000
Gerardo Parra,2012,502000
Gerardo Parra,2013,2350000
Gerardo Parra,2014,4850000
Gerardo Parra,2015,6237500
Gerardo Parra,2016,8000000
Gerardo Parra,2017,8000000
Gerardo Parra,2018,9784948
Gerardo Parra,2019,2268420
Gerardo Parra,2021,564480
Germán Márquez,2016,74871
Germán Márquez,2017,489978
Germán Márquez,2018,550000
Germán Márquez,2019,2500000
Germán Márquez,2020,1666667
Germán Márquez,2021,7500000
Germán Márquez,2022,11000000
Germán Márquez,2023,15000000
Germán Márquez,2024,10000000
Germán Márquez,2025,14000000
Germán Márquez,2026,1000000
Germán Márquez,2027,750000
Gerrit Cole,2013,297213
Gerrit Cole,2014,512500
Gerrit Cole,2015,531000
Gerrit Cole,2016,548000
Gerrit Cole,2017,3750000
Gerrit Cole,2018,6750000
Gerrit Cole,2019,13500000
Gerrit Cole,2020,13333333
Gerrit Cole,2021,36000000
Gerrit Cole,2022,36000000
Gerrit Cole,2023,36000000
Gerrit Cole,2024,36000000
Gerrit Cole,2025,36000000
Gerrit Cole,2026,36000000
Gerrit Cole,2027,36000000
Gerrit Cole,2028,36000000
Giancarlo Stanton,2010,257948
Giancarlo Stanton,2011,416000
Giancarlo Stanton,2012,480000
Giancarlo Stanton,2013,537000
Giancarlo Stanton,2014,6500000
Giancarlo Stanton,2015,6550000
Giancarlo Stanton,2016,9000000
Giancarlo Stanton,2017,14500000
Giancarlo Stanton,2018,25000000
Giancarlo Stanton,2019,26000000
Giancarlo Stanton,2020,9629630
Giancarlo Stanton,2021,19000000
Giancarlo Stanton,2022,19000000
Giancarlo Stanton,2023,22000000
Giancarlo Stanton,2024,32000000
Giancarlo Stanton,2025,32000000
Giancarlo Stanton,2026,39000000
Giancarlo Stanton,2027,35000000
Giancarlo Stanton,2028,20000000
Gio Gonzalez,2009,405000
Gio Gonzalez,2010,405000
Gio Gonzalez,2011,420000
Gio Gonzalez,2012,3750000
Gio Gonzalez,2014,8500000
Gio Gonzalez,2015,11000000
Gio Gonzalez,2016,12000000
Gio Gonzalez,2017,12000000
Gio Gonzalez,2018,12000000
Gio Gonzalez,2019,1709677
Gio Gonzalez,2020,2166667
Gio Gonzalez,2021,1000000
Glen Perkins,2008,390000
Glen Perkins,2009,430000
Glen Perkins,2010,500000
Glen Perkins,2011,700000
Glen Perkins,2012,1550000
Glen Perkins,2013,2525000
Glen Perkins,2014,4050000
Glen Perkins,2015,4675000
Glen Perkins,2016,6300000
Glen Perkins,2017,6500000
Glen Perkins,2018,700000
Gleyber Torres,2018,474660
Gleyber Torres,2019,605200
Gleyber Torres,2020,250222
Gleyber Torres,2021,4000000
Gleyber Torres,2022,6250000
Gleyber Torres,2023,9950000
Gleyber Torres,2024,14200000
Gleyber Torres,2025,15000000
Gleyber Torres,2026,22025000
Gordon Beckham,2009,271739
Gordon Beckham,2010,445000
Gordon Beckham,2011,485000
Gordon Beckham,2012,520000
Gordon Beckham,2013,2925000
Gordon Beckham,2014,4175000
Gordon Beckham,2015,2000000
Gordon Beckham,2016,1250000
Gordon Beckham,2017,84767
Gordon Beckham,2018,143570
Gordon Beckham,2019,700000
Gorkys Hernandez,2015,277322
Gorkys Hernandez,2016,113693
Gorkys Hernandez,2017,537000
Gorkys Hernandez,2018,561500
Gorkys Hernandez,2019,155914
Grady Sizemore,2005,318300
Grady Sizemore,2006,1575000
Grady Sizemore,2007,900000
Grady Sizemore,2008,3225000
Grady Sizemore,2009,4600000
Grady Sizemore,2010,5600000
Grady Sizemore,2011,7500000
Grady Sizemore,2012,5500000
Grady Sizemore,2014,1018579
Grady Sizemore,2015,2274549
Grant Green,2013,190108
Grant Green,2014,502250
Grant Green,2015,148139
Grant Green,2016,507500
Grant Green,2017,26307
Grant Holmes,2019,555000
Grant Holmes,2024,417690
Grant Holmes,2025,770000
Grant Holmes,2026,800000
Gregory Polanco,2014,281396
Gregory Polanco,2015,525000
Gregory Polanco,2016,3535000
Gregory Polanco,2017,1000000
Gregory Polanco,2018,3500000
Gregory Polanco,2019,5500000
Gregory Polanco,2020,2962962
Gregory Polanco,2021,11000000
Gregory Polanco,2022,3000000
Guillermo Quiroz,2006,327500
Guillermo Quiroz,2008,400000
Guillermo Quiroz,2009,575000
Guillermo Quiroz,2013,575000
Hak-Ju Lee,2014,500000
Hank Conger,2011,414000
Hank Conger,2012,480000
Hank Conger,2013,495000
Hank Conger,2014,517500
Hank Conger,2015,1075000
Hank Conger,2016,1500000
Hank Conger,2017,950000
Hanley Ramirez,2006,327000
Hanley Ramirez,2007,402000
Hanley Ramirez,2008,439000
Hanley Ramirez,2009,5550000
Hanley Ramirez,2010,7050000
Hanley Ramirez,2011,11000000
Hanley Ramirez,2012,15000000
Hanley Ramirez,2013,15500000
Hanley Ramirez,2014,16000000
Hanley Ramirez,2015,22000000
Hanley Ramirez,2016,22000000
Hanley Ramirez,2017,22000000
Hanley Ramirez,2018,22000000
Hanley Ramirez,2019,123648
Hayden Penn,2009,400000
Hayden Penn,2010,402000
Heath Hembree,2013,74972
Heath Hembree,2014,51912
Heath Hembree,2015,267278
Heath Hembree,2016,366036
Heath Hembree,2017,547000
Heath Hembree,2018,581500
Heath Hembree,2019,1312500
Heath Hembree,2020,597222
Heath Hembree,2021,1081920
Heath Hembree,2022,956742
Heath Hembree,2023,3871
Hector Gomez,2012,480000
Hector Gomez,2014,500000
Hector Gomez,2015,343879
Henry Owens,2015,169166
Henry Owens,2016,102601
Homer Bailey,2007,380000
Homer Bailey,2008,390000
Homer Bailey,2009,400500
Homer Bailey,2010,418000
Homer Bailey,2011,441000
Homer Bailey,2012,2500000
Homer Bailey,2013,5350000
Homer Bailey,2014,9000000
Homer Bailey,2015,10000000
Homer Bailey,2016,18000000
Homer Bailey,2017,19000000
Homer Bailey,2018,21000000
Homer Bailey,2019,23000000
Homer Bailey,2020,7592593
Howie Kendrick,2006,327500
Howie Kendrick,2007,395000
Howie Kendrick,2008,432500
Howie Kendrick,2009,465000
Howie Kendrick,2010,1750000
Howie Kendrick,2011,3350000
Howie Kendrick,2012,5900000
Howie Kendrick,2013,8750000
Howie Kendrick,2014,9350000
Howie Kendrick,2015,9500000
Howie Kendrick,2016,5000000
Howie Kendrick,2017,10000000
Howie Kendrick,2018,8000000
Howie Kendrick,2019,9000000
Howie Kendrick,2020,3731481
Hunter Dozier,2016,85963
Hunter Dozier,2017,172870
Hunter Dozier,2018,410200
Hunter Dozier,2019,567225
Hunter Dozier,2020,226111
Hunter Dozier,2021,3250000
Hunter Dozier,2022,4500000
Hunter Dozier,2023,7250000
Hunter Dozier,2024,10000000
Hunter Harvey,2018,5860
Hunter Harvey,2019,131296
Hunter Harvey,2020,209259
Hunter Harvey,2021,574000
Hunter Harvey,2022,661512
Hunter Harvey,2023,870000
Hunter Harvey,2024,2325000
Hunter Harvey,2025,3700000
Hunter Harvey,2026,5000000
Hunter Pence,2007,380000
Hunter Pence,2008,396000
Hunter Pence,2009,464000
Hunter Pence,2010,3500000
Hunter Pence,2011,6900000
Hunter Pence,2012,10400000
Hunter Pence,2013,13800000
Hunter Pence,2014,16025000
Hunter Pence,2015,18500000
Hunter Pence,2016,18500000
Hunter Pence,2017,18500000
Hunter Pence,2018,18500000
Hunter Pence,2019,2000000
Hunter Pence,2020,514104
Hunter Renfroe,2016,33276
Hunter Renfroe,2017,445056
Hunter Renfroe,2018,553800
Hunter Renfroe,2019,582100
Hunter Renfroe,2020,1222222
Hunter Renfroe,2021,3700000
Hunter Renfroe,2022,7650000
Hunter Renfroe,2023,11900000
Hunter Renfroe,2024,5570000
Hunter Renfroe,2025,7570000
Huston Street,2005,316000
Huston Street,2006,339625
Huston Street,2007,380000
Huston Street,2008,330000
Huston Street,2009,450000
Huston Street,2010,7200000
Huston Street,2011,7300000
Huston Street,2012,8025000
Huston Street,2013,7500000
Huston Street,2014,6999999
Huston Street,2015,7000000
Huston Street,2016,8000000
Huston Street,2017,9000000
Huston Street,2018,1000000
Ian Anderson,2017,90613
Ian Anderson,2018,545000
Ian Anderson,2019,585000
Ian Anderson,2020,227778
Ian Anderson,2021,3800000
Ian Anderson,2022,4475000
Ian Anderson,2023,3500000
Ian Anderson,2024,451613
Ian Happ,2017,415066
Ian Happ,2018,570000
Ian Happ,2019,214170
Ian Happ,2020,231111
Ian Happ,2021,4100000
Ian Happ,2022,6850000
Ian Happ,2023,13850000
Ian Happ,2024,20000000
Ian Happ,2025,20000000
Ian Happ,2026,18000000
Ian Kennedy,2023,720000
Ian Kinsler,2006,327000
Ian Kinsler,2007,390708
Ian Kinsler,2008,750000
Ian Kinsler,2009,750000
Ian Kinsler,2010,4250000
Ian Kinsler,2011,6200000
Ian Kinsler,2012,7250000
Ian Kinsler,2013,13000000
Ian Kinsler,2014,16100000
Ian Kinsler,2015,16000000
Ian Kinsler,2016,14000000
Ian Kinsler,2017,11000000
Ian Kinsler,2018,11000000
Ian Kinsler,2019,3750000
Ian Kinsler,2020,4250000
Ian Stewart,2013,2000000
Ian Stewart,2014,900000
Ichiro Suzuki,2001,11500000
Ichiro Suzuki,2002,4225000
Ichiro Suzuki,2003,6100000
Ichiro Suzuki,2004,6850000
Ichiro Suzuki,2005,12850000
Ichiro Suzuki,2006,12850000
Ichiro Suzuki,2007,13100000
Ichiro Suzuki,2008,22100000
Ichiro Suzuki,2009,17100000
Ichiro Suzuki,2010,17100000
Ichiro Suzuki,2011,17000000
Ichiro Suzuki,2012,17000000
Ichiro Suzuki,2013,6500000
Ichiro Suzuki,2014,6500000
Ichiro Suzuki,2015,3200000
Ichiro Suzuki,2016,2000000
Ichiro Suzuki,2017,2000000
Ichiro Suzuki,2018,750000
Ichiro Suzuki,2019,8064
Ike Davis,2010,400000
Ike Davis,2011,432000
Ike Davis,2012,506690
Ike Davis,2013,3125000
Ike Davis,2014,3499700
Ike Davis,2015,3800000
Isan Díaz,2019,167104
Isan Díaz,2020,56070
Isan Díaz,2021,352705
Isan Díaz,2023,50323
Jack Cust,2004,305000
Jack Cust,2008,410000
Jack Cust,2009,2800000
Jack Cust,2010,2650000
Jack Cust,2011,2500000
Jack Cust,2012,148000
Jack Flaherty,2017,90613
Jack Flaherty,2018,433640
Jack Flaherty,2019,562100
Jack Flaherty,2020,223889
Jack Flaherty,2021,3900000
Jack Flaherty,2022,5000000
Jack Flaherty,2023,5400000
Jack Flaherty,2024,14500000
Jack Flaherty,2025,25000000
Jack Flaherty,2026,20000000
Jacob Turner,2010,1175000
Jacob Turner,2011,1175000
Jacob Turner,2012,1175000
Jacob Turner,2013,1175000
Jacob Turner,2014,1000000
Jacob Turner,2015,1000000
Jacob Turner,2016,1500000
Jacob Turner,2017,535000
Jacob Turner,2018,11720
Jacoby Ellsbury,2007,380000
Jacoby Ellsbury,2008,406000
Jacoby Ellsbury,2009,449500
Jacoby Ellsbury,2010,496500
Jacoby Ellsbury,2011,2500000
Jacoby Ellsbury,2012,8050000
Jacoby Ellsbury,2013,9000000
Jacoby Ellsbury,2014,21142857
Jacoby Ellsbury,2015,21142857
Jacoby Ellsbury,2016,21142857
Jacoby Ellsbury,2017,21142857
Jacoby Ellsbury,2018,21142857
Jacoby Ellsbury,2019,21857143
Jacoby Ellsbury,2020,21142857
Jacoby Ellsbury,2021,5000000
Jaff Decker,2013,56229
Jaff Decker,2014,21857
Jaff Decker,2015,429180
Jaff Decker,2016,85963
Jaff Decker,2017,535000
Jaime Garcia,2009,400000
Jaime Garcia,2010,400000
Jaime Garcia,2011,437000
Jaime Garcia,2012,3750000
Jaime Garcia,2013,5750000
Jaime Garcia,2014,7750000
Jaime Garcia,2015,9250000
Jaime Garcia,2016,11500000
Jaime Garcia,2017,12000000
Jaime Garcia,2018,8079110
Jaime Garcia,2019,2000000
Jair Jurrjens,2013,49176
Jair Jurrjens,2014,13387
Jake Arrieta,2010,254945
Jake Arrieta,2011,419000
Jake Arrieta,2012,488500
Jake Arrieta,2013,516500
Jake Arrieta,2014,544500
Jake Arrieta,2015,3630000
Jake Arrieta,2016,10700000
Jake Arrieta,2017,15637500
Jake Arrieta,2018,30000000
Jake Arrieta,2019,25000000
Jake Arrieta,2020,7407407
Jake Arrieta,2021,6113479
Jake Bauers,2018,339880
Jake Bauers,2019,470028
Jake Bauers,2021,583906
Jake Bauers,2023,600005
Jake Bauers,2024,1350000
Jake Bauers,2025,1400000
Jake Bauers,2026,2700000
Jake Lamb,2014,500000
Jake Lamb,2015,508500
Jake Lamb,2016,520300
Jake Lamb,2017,573300
Jake Lamb,2018,4275000
Jake Lamb,2019,4825000
Jake Lamb,2020,2084351
Jake Lamb,2021,2026831
Jake Lamb,2022,997282
Jake Lamb,2023,288960
Jake Marisnick,2013,184782
Jake Marisnick,2014,500000
Jake Marisnick,2015,511200
Jake Marisnick,2016,519500
Jake Marisnick,2017,1100000
Jake Marisnick,2018,1900000
Jake Marisnick,2019,2212500
Jake Marisnick,2020,1226852
Jake Marisnick,2021,1500000
Jake Marisnick,2022,1300000
Jake Marisnick,2023,680097
Jake McGee,2010,400000
Jake McGee,2011,415200
Jake McGee,2012,484200
Jake McGee,2013,506200
Jake McGee,2014,1450000
Jake McGee,2015,3550000
Jake McGee,2016,4800000
Jake McGee,2017,5900000
Jake McGee,2018,7000000
Jake McGee,2019,8500000
Jake McGee,2020,3727222
Jake McGee,2021,4000000
Jake McGee,2022,3176916
Jake Odorizzi,2012,480000
Jake Odorizzi,2013,66939
Jake Odorizzi,2014,503100
Jake Odorizzi,2015,522000
Jake Odorizzi,2016,520700
Jake Odorizzi,2017,4100000
Jake Odorizzi,2018,6300000
Jake Odorizzi,2019,9500000
Jake Odorizzi,2020,6592593
Jake Odorizzi,2021,8000000
Jake Odorizzi,2022,7500000
Jake Odorizzi,2023,14500000
Jake Peavy,2002,200000
Jake Peavy,2003,305000
Jake Peavy,2004,350000
Jake Peavy,2005,775000
Jake Peavy,2006,2500000
Jake Peavy,2007,4900000
Jake Peavy,2008,6500000
Jake Peavy,2009,11000000
Jake Peavy,2010,15000000
Jake Peavy,2011,16000000
Jake Peavy,2012,17075000
Jake Peavy,2013,14500000
Jake Peavy,2014,14500000
Jake Peavy,2015,11000000
Jake Peavy,2016,14000000
Jake Peavy,2017,1000000
Jake Peavy,2018,1000000
Jake Peavy,2019,1000000
Jake Thompson,2016,160834
Jake Thompson,2017,128612
Jake Thompson,2018,85608
James Darnell,2013,493700
James Kaprielian,2019,555000
James Kaprielian,2020,31150
James Kaprielian,2021,441648
James Kaprielian,2022,705000
James Kaprielian,2023,639775
James Loney,2006,327000
James Loney,2007,380000
James Loney,2008,411000
James Loney,2009,465000
James Loney,2010,3100000
James Loney,2011,4875000
James Loney,2012,6375000
James Loney,2013,2000000
James Loney,2014,6000000
James Loney,2015,7000000
James Loney,2016,8507500
James McDonald,2009,400750
James McDonald,2010,400000
James McDonald,2011,443000
James McDonald,2012,502500
James McDonald,2013,3025000
James McDonald,2014,1000000
Jameson Taillon,2016,302257
Jameson Taillon,2017,555500
Jameson Taillon,2018,571000
Jameson Taillon,2019,587500
Jameson Taillon,2020,833333
Jameson Taillon,2021,2250000
Jameson Taillon,2022,5800000
Jameson Taillon,2023,14000000
Jameson Taillon,2024,18000000
Jameson Taillon,2025,18000000
Jameson Taillon,2026,18000000
James Paxton,2013,13230
James Paxton,2014,74286
James Paxton,2015,519000
James Paxton,2016,507500
James Paxton,2017,2350000
James Paxton,2018,4900000
James Paxton,2019,8575000
James Paxton,2020,4629630
James Paxton,2021,8500000
James Paxton,2022,6000000
James Paxton,2023,4000000
James Paxton,2024,9000000
Jarred Cosart,2013,187431
Jarred Cosart,2014,500000
Jarred Cosart,2015,354098
Jarred Cosart,2016,279465
Jarred Cosart,2017,566300
Jarrod Parker,2011,414000
Jarrod Parker,2012,480000
Jarrod Parker,2013,495000
Jarrod Parker,2014,500000
Jarrod Parker,2015,850000
Jarrod Parker,2016,850000
Jarrod Saltalamacchia,2008,396710
Jarrod Saltalamacchia,2009,410890
Jarrod Saltalamacchia,2010,418580
Jarrod Saltalamacchia,2011,750000
Jarrod Saltalamacchia,2012,2500000
Jarrod Saltalamacchia,2013,4500000
Jarrod Saltalamacchia,2014,6000000
Jarrod Saltalamacchia,2015,7415983
Jarrod Saltalamacchia,2016,8000000
Jarrod Saltalamacchia,2017,1250000
Jarrod Saltalamacchia,2018,76890
Jason Castro,2010,227322
Jason Castro,2011,421500
Jason Castro,2012,486000
Jason Castro,2013,496600
Jason Castro,2014,2450000
Jason Castro,2015,4000000
Jason Castro,2016,5000000
Jason Castro,2017,8500000
Jason Castro,2018,8000000
Jason Castro,2019,8000000
Jason Castro,2020,3333333
Jason Castro,2021,4500000
Jason Castro,2022,3750000
Jason Hammel,2006,327000
Jason Hammel,2007,380000
Jason Hammel,2008,396300
Jason Hammel,2009,422200
Jason Hammel,2010,1900000
Jason Hammel,2011,3000000
Jason Hammel,2012,4750000
Jason Hammel,2013,6750000
Jason Hammel,2014,6000000
Jason Hammel,2015,9000000
Jason Hammel,2016,11000000
Jason Hammel,2017,5000000
Jason Hammel,2018,9000000
Jason Hammel,2019,2000000
Jason Heyward,2010,400000
Jason Heyward,2011,496500
Jason Heyward,2012,565000
Jason Heyward,2013,3650000
Jason Heyward,2014,5500000
Jason Heyward,2015,7800000
Jason Heyward,2016,15000000
Jason Heyward,2017,21500000
Jason Heyward,2018,21500000
Jason Heyward,2019,20000000
Jason Heyward,2020,7777778
Jason Heyward,2021,21000000
Jason Heyward,2022,22000000
Jason Heyward,2023,22000000
Jason Heyward,2024,14123318
Jason Heyward,2025,6000000
Jason Heyward,2026,5000000
Jason Heyward,2027,5000000
Jason Kipnis,2011,414000
Jason Kipnis,2012,482100
Jason Kipnis,2013,509400
Jason Kipnis,2014,3000000
Jason Kipnis,2015,4000000
Jason Kipnis,2016,6000000
Jason Kipnis,2017,9000000
Jason Kipnis,2018,13500000
Jason Kipnis,2019,17000000
Jason Kipnis,2020,370370
Jason Kubel,2005,316000
Jason Kubel,2006,327000
Jason Kubel,2007,387500
Jason Kubel,2008,1300000
Jason Kubel,2009,2750000
Jason Kubel,2010,4100000
Jason Kubel,2011,5250000
Jason Kubel,2012,7500000
Jason Kubel,2013,7500000
Jason Kubel,2014,2163387
Javier Baez,2014,150273
Javier Baez,2015,91516
Javier Baez,2016,521000
Javier Baez,2017,609000
Javier Baez,2018,657000
Javier Baez,2019,5200000
Javier Baez,2020,3703704
Javier Baez,2021,11650000
Javier Baez,2022,20000000
Javier Baez,2023,22000000
Javier Baez,2024,25000000
Javier Baez,2025,25050000
Javier Baez,2026,24000000
Javier Baez,2027,24000000
Javy Guerra,2019,86536
Javy Guerra,2020,209185
Javy Guerra,2021,573100
Javy Guerra,2022,196690
Javy Guerra,2023,978975
Jay Bruce,2008,390000
Jay Bruce,2009,417500
Jay Bruce,2010,440000
Jay Bruce,2011,3000000
Jay Bruce,2012,5000000
Jay Bruce,2013,7500000
Jay Bruce,2014,10000000
Jay Bruce,2015,12000000
Jay Bruce,2016,11999999
Jay Bruce,2017,13000000
Jay Bruce,2018,10000000
Jay Bruce,2019,15500000
Jay Bruce,2020,6314814
Jay Bruce,2021,130644
Jay Groome,2024,22045
Jay Jackson,2010,55464
Jay Jackson,2015,55464
Jay Jackson,2019,365568
Jay Jackson,2021,184020
Jay Jackson,2022,807716
Jay Jackson,2024,1300000
Jay Jackson,2025,200000
Jean Segura,2012,170495
Jean Segura,2013,492000
Jean Segura,2014,534000
Jean Segura,2015,534000
Jean Segura,2016,2600000
Jean Segura,2017,6200000
Jean Segura,2018,12000000
Jean Segura,2019,15350000
Jean Segura,2020,5277777
Jean Segura,2021,14250000
Jean Segura,2022,15250000
Jean Segura,2023,6500000
Jean Segura,2024,10500000
Jed Bradley,2016,88736
Jedd Gyorko,2013,490000
Jedd Gyorko,2014,510900
Jedd Gyorko,2015,2000000
Jedd Gyorko,2016,4000000
Jedd Gyorko,2017,4500000
Jedd Gyorko,2018,11500000
Jedd Gyorko,2019,13999999
Jedd Gyorko,2020,1370370
Jed Lowrie,2022,850000
Jeff Clement,2012,480000
Jeff Francis,2005,317000
Jeff Francis,2006,336000
Jeff Francis,2007,1000000
Jeff Francis,2008,2750000
Jeff Francis,2009,3750000
Jeff Francis,2010,5750000
Jeff Francis,2011,2000000
Jeff Francis,2012,306885
Jeff Francis,2013,1500000
Jeff Francis,2015,153734
Jeff Francoeur,2006,384500
Jeff Francoeur,2007,427500
Jeff Francoeur,2008,460000
Jeff Francoeur,2009,3375000
Jeff Francoeur,2010,5000000
Jeff Francoeur,2011,2500000
Jeff Francoeur,2012,6750000
Jeff Francoeur,2013,6364426
Jeff Francoeur,2014,103825
Jeff Francoeur,2015,925000
Jeff Francoeur,2016,999999
Jeff Hoffman,2016,122012
Jeff Hoffman,2017,318607
Jeff Hoffman,2018,58600
Jeff Hoffman,2019,199928
Jeff Hoffman,2020,210556
Jeff Hoffman,2021,585500
Jeff Hoffman,2022,925000
Jeff Hoffman,2023,1600000
Jeff Hoffman,2024,2200000
Jeff Hoffman,2025,11500000
Jeff Hoffman,2026,11000000
Jeff Hoffman,2027,11000000
Jeff Mathis,2005,316000
Jeff Mathis,2006,327000
Jeff Mathis,2008,415000
Jeff Mathis,2009,450000
Jeff Mathis,2010,1300000
Jeff Mathis,2011,1700000
Jeff Mathis,2012,1500000
Jeff Mathis,2013,1500000
Jeff Mathis,2014,1500000
Jeff Mathis,2015,1500000
Jeff Mathis,2016,1500000
Jeff Mathis,2017,2000000
Jeff Mathis,2018,2000000
Jeff Mathis,2019,3250000
Jeff Mathis,2020,1111111
Jeff Mathis,2021,164509
Jeff Niemann,2012,2750000
Jeff Niemann,2013,3000000
Jeff Samardzija,2007,1000000
Jeff Samardzija,2008,1500000
Jeff Samardzija,2009,1000000
Jeff Samardzija,2010,3000000
Jeff Samardzija,2011,3500000
Jeff Samardzija,2012,2640000
Jeff Samardzija,2013,2640000
Jeff Samardzija,2014,5345000
Jeff Samardzija,2015,9800000
Jeff Samardzija,2016,12000000
Jeff Samardzija,2017,19500000
Jeff Samardzija,2018,19500000
Jeff Samardzija,2019,19500000
Jeff Samardzija,2020,8166666
Jenrry Mejia,2010,400000
Jenrry Mejia,2011,414000
Jenrry Mejia,2012,480000
Jenrry Mejia,2013,494925
Jenrry Mejia,2014,509675
Jenrry Mejia,2015,311967
Jenrry Mejia,2018,1792000
Jenrry Mejia,2019,625000
Jered Weaver,2006,327500
Jered Weaver,2007,385000
Jered Weaver,2008,435000
Jered Weaver,2009,465000
Jered Weaver,2010,4365000
Jered Weaver,2011,7365000
Jered Weaver,2012,15000000
Jered Weaver,2013,16000000
Jered Weaver,2014,16000000
Jered Weaver,2015,18000000
Jered Weaver,2016,20000000
Jered Weaver,2017,3000000
Jeremy Guthrie,2003,2625000
Jeremy Guthrie,2004,625000
Jeremy Guthrie,2005,625000
Jeremy Guthrie,2006,625000
Jeremy Guthrie,2007,380000
Jeremy Guthrie,2008,770000
Jeremy Guthrie,2009,650000
Jeremy Guthrie,2010,3000000
Jeremy Guthrie,2011,5750000
Jeremy Guthrie,2012,8200000
Jeremy Guthrie,2013,5000000
Jeremy Guthrie,2014,8000000
Jeremy Guthrie,2015,9000000
Jeremy Guthrie,2016,3200000
Jeremy Guthrie,2017,2923
Jeremy Hellickson,2011,418400
Jeremy Hellickson,2012,489500
Jeremy Hellickson,2013,503000
Jeremy Hellickson,2014,3625000
Jeremy Hellickson,2015,4275000
Jeremy Hellickson,2016,7000000
Jeremy Hellickson,2017,17200000
Jeremy Hellickson,2018,2000000
Jeremy Hellickson,2019,1900000
Jeremy Hermida,2006,327000
Jeremy Hermida,2007,380000
Jeremy Hermida,2008,395000
Jeremy Hermida,2009,2250000
Jeremy Hermida,2010,3345000
Jeremy Hermida,2011,375540
Jeremy Jeffress,2010,400000
Jeremy Jeffress,2011,414500
Jeremy Jeffress,2012,481725
Jeremy Jeffress,2013,75875
Jeremy Jeffress,2014,194163
Jeremy Jeffress,2015,510500
Jeremy Jeffress,2016,519100
Jeremy Jeffress,2017,2100000
Jeremy Jeffress,2018,2300000
Jeremy Jeffress,2019,3175000
Jeremy Jeffress,2020,314815
Jeremy Reed,2005,316000
Jeremy Reed,2006,375000
Jeremy Reed,2009,925000
Jeremy Reed,2011,550000
Jeremy Sowers,2007,340000
Jeremy Sowers,2009,421000
Jerome Williams,2004,308000
Jerome Williams,2005,336000
Jerome Williams,2006,380000
Jerome Williams,2007,500000
Jerome Williams,2011,414000
Jerome Williams,2012,820000
Jerome Williams,2014,2140983
Jerome Williams,2015,2500000
Jerome Williams,2016,194110
Jesse Biddle,2016,507500
Jesse Biddle,2018,486380
Jesse Biddle,2019,908870
Jesse Biddle,2020,108070
Jesse Biddle,2021,92010
Jesse Crain,2005,321000
Jesse Crain,2006,361000
Jesse Crain,2007,500000
Jesse Crain,2008,1050000
Jesse Crain,2009,1700000
Jesse Crain,2010,2000000
Jesse Crain,2011,4000000
Jesse Crain,2012,4500000
Jesse Crain,2013,4500000
Jesse Crain,2014,3250000
Jesse Winker,2017,233840
Jesse Winker,2018,545000
Jesse Winker,2019,580000
Jesse Winker,2020,224074
Jesse Winker,2021,3150000
Jesse Winker,2022,6250000
Jesse Winker,2023,8250000
Jesse Winker,2024,3311828
Jesse Winker,2025,7500000
Jesús Montero,2011,414000
Jesús Montero,2012,486900
Jesús Montero,2013,503300
Jesús Montero,2014,194125
Jesús Montero,2015,194125
Jesús Montero,2016,523800
Jesús Montero,2017,550000
Jeurys Familia,2012,78690
Jeurys Familia,2013,491750
Jeurys Familia,2014,502550
Jeurys Familia,2015,523925
Jeurys Familia,2016,4100000
Jeurys Familia,2017,6816393
Jeurys Familia,2018,6135552
Jeurys Familia,2019,8000000
Jeurys Familia,2020,3703704
Jeurys Familia,2021,10000000
Jeurys Familia,2022,8119226
Jeurys Familia,2023,1500000
Jhoulys Chacin,2010,400000
Jhoulys Chacin,2011,419000
Jhoulys Chacin,2012,482000
Jhoulys Chacin,2013,1650000
Jhoulys Chacin,2014,4850000
Jhoulys Chacin,2015,1441202
Jhoulys Chacin,2016,1322407
Jhoulys Chacin,2017,1750000
Jhoulys Chacin,2018,9500000
Jhoulys Chacin,2019,6086536
Jhoulys Chacin,2020,88450
Jhoulys Chacin,2021,850000
Jhoulys Chacin,2022,1250000
Jimmy Nelson,2013,74972
Jimmy Nelson,2014,215846
Jimmy Nelson,2015,511500
Jimmy Nelson,2016,522300
Jimmy Nelson,2017,547000
Jimmy Nelson,2018,3700000
Jimmy Nelson,2019,3700000
Jimmy Nelson,2020,277778
Jimmy Nelson,2021,1750000
Jimmy Nelson,2022,700000
Jimmy Nelson,2023,1200000
Jimmy Rollins,2002,365000
Jimmy Rollins,2003,450000
Jimmy Rollins,2004,2425000
Jimmy Rollins,2005,3850000
Jimmy Rollins,2006,9000000
Jimmy Rollins,2007,7050000
Jimmy Rollins,2008,7050000
Jimmy Rollins,2009,7550000
Jimmy Rollins,2010,7500000
Jimmy Rollins,2011,8500000
Jimmy Rollins,2012,11050000
Jimmy Rollins,2013,11000000
Jimmy Rollins,2014,11000000
Jimmy Rollins,2015,12000000
Jimmy Rollins,2016,743172
J.J. Hardy,2005,316000
J.J. Hardy,2006,355000
J.J. Hardy,2007,400000
J.J. Hardy,2008,2650000
J.J. Hardy,2009,4650000
J.J. Hardy,2010,5100000
J.J. Hardy,2011,5850000
J.J. Hardy,2012,8250000
J.J. Hardy,2013,7000000
J.J. Hardy,2014,7500000
J.J. Hardy,2015,11500000
J.J. Hardy,2016,12500000
J.J. Hardy,2017,14000000
J.J. Hardy,2018,2000000
Joaquin Arias,2006,327000
Joaquin Arias,2007,381000
Joaquin Arias,2008,391000
Joaquin Arias,2009,402000
Joaquin Arias,2010,402000
Joaquin Arias,2012,480000
Joaquin Arias,2013,925000
Joaquin Arias,2014,1150000
Joaquin Arias,2015,1450000
Joba Chamberlain,2007,380000
Joba Chamberlain,2008,390000
Joba Chamberlain,2009,432575
Joba Chamberlain,2010,487975
Joba Chamberlain,2011,1400000
Joba Chamberlain,2012,1675000
Joba Chamberlain,2013,2150000
Joba Chamberlain,2014,3000000
Joba Chamberlain,2015,1072103
Joba Chamberlain,2016,1000000
Joc Pederson,2014,76496
Joc Pederson,2015,510000
Joc Pederson,2016,520000
Joc Pederson,2017,500445
Joc Pederson,2018,2600000
Joc Pederson,2019,5000000
Joc Pederson,2020,2870370
Joc Pederson,2021,7000000
Joc Pederson,2022,6000000
Joc Pederson,2023,19650000
Joc Pederson,2024,12500000
Joc Pederson,2025,18500000
Joc Pederson,2026,18500000
Joe Blanton,2005,316500
Joe Blanton,2006,327000
Joe Blanton,2007,380000
Joe Blanton,2008,3700000
Joe Blanton,2009,5475000
Joe Blanton,2010,3000000
Joe Blanton,2011,10500000
Joe Blanton,2012,10500000
Joe Blanton,2013,6500000
Joe Blanton,2014,7500000
Joe Blanton,2015,1000000
Joe Blanton,2016,4000000
Joe Blanton,2017,1000000
Joe Blanton,2018,1000000
Joe Blanton,2019,2000000
Joe Kelly,2012,304262
Joe Kelly,2013,493000
Joe Kelly,2014,523000
Joe Kelly,2015,514032
Joe Kelly,2016,2600000
Joe Kelly,2017,2800000
Joe Kelly,2018,2601613
Joe Kelly,2019,3000000
Joe Kelly,2020,3148148
Joe Kelly,2021,12500000
Joe Kelly,2022,7000000
Joe Kelly,2023,3145155
Joe Kelly,2024,9000000
Joel Zumaya,2006,327000
Joel Zumaya,2007,410000
Joel Zumaya,2008,420000
Joel Zumaya,2009,735000
Joel Zumaya,2010,915000
Joel Zumaya,2011,1400000
Joel Zumaya,2012,850000
Joe Mauer,2005,325000
Joe Mauer,2006,400000
Joe Mauer,2007,3750000
Joe Mauer,2008,6325000
Joe Mauer,2009,10675000
Joe Mauer,2010,12575000
Joe Mauer,2011,23000000
Joe Mauer,2012,23025000
Joe Mauer,2013,23050000
Joe Mauer,2014,23000000
Joe Mauer,2015,23000000
Joe Mauer,2016,23000000
Joe Mauer,2017,23000000
Joe Mauer,2018,23000000
Joe Ross,2015,257909
Joe Ross,2016,514400
Joe Ross,2017,433584
Joe Ross,2018,567900
Joe Ross,2019,704256
Joe Ross,2021,1500000
Joe Ross,2022,2400000
Joe Ross,2024,1750000
Joe Ross,2025,4000000
Joe Ross,2026,1500000
Joe Savery,2013,334699
Joey Gallo,2015,171939
Joey Gallo,2016,108576
Joey Gallo,2017,537120
Joey Gallo,2018,560000
Joey Gallo,2019,605500
Joey Gallo,2020,1629630
Joey Gallo,2021,12400000
Joey Gallo,2022,10275000
Joey Gallo,2023,11000000
Joey Gallo,2024,5200000
Joey Gathright,2011,38459
Joey Votto,2007,56079
Joey Votto,2008,390000
Joey Votto,2009,437500
Joey Votto,2010,525000
Joey Votto,2011,8100000
Joey Votto,2012,11050000
Joey Votto,2013,19050000
Joey Votto,2014,12000000
Joey Votto,2015,14000000
Joey Votto,2016,20000000
Joey Votto,2017,22000000
Joey Votto,2018,25075000
Joey Votto,2019,25000000
Joey Votto,2020,9259259
Joey Votto,2021,25000000
Joey Votto,2022,25000000
Joey Votto,2023,25000000
Joey Votto,2024,7000000
John Buck,2004,300000
John Buck,2005,318500
John Buck,2006,349000
John Buck,2007,440000
John Buck,2008,2200000
John Buck,2009,2900000
John Buck,2010,2000000
John Buck,2011,6000000
John Buck,2012,6000000
John Buck,2013,6500000
John Buck,2014,1073770
John Danks,2007,380000
John Danks,2008,400000
John Danks,2009,520000
John Danks,2010,3450000
John Danks,2011,6000000
John Danks,2012,8000000
John Danks,2013,14250000
John Danks,2014,14250000
John Danks,2015,14250000
John Danks,2016,14250000
John Lamb,2008,165000
John Lamb,2015,146980
John Lamb,2016,507500
John Lamb,2018,313510
John Maine,2002,135000
John Maine,2004,150819
John Maine,2005,316000
John Maine,2006,327000
John Maine,2007,391000
John Maine,2008,450000
John Maine,2009,2600000
John Maine,2010,3300000
John Maine,2013,625000
Johnny Cueto,2008,390000
Johnny Cueto,2009,418000
Johnny Cueto,2010,445000
Johnny Cueto,2011,3400000
Johnny Cueto,2012,5400000
Johnny Cueto,2013,7400000
Johnny Cueto,2014,10025000
Johnny Cueto,2015,10000000
Johnny Cueto,2016,15000000
Johnny Cueto,2017,22000000
Johnny Cueto,2018,22000000
Johnny Cueto,2019,22000000
Johnny Cueto,2020,8777778
Johnny Cueto,2021,27000000
Johnny Cueto,2022,3206451
Johnny Cueto,2023,6000000
Johnny Cueto,2024,2548384
Jonathan Broxton,2005,316000
Jonathan Broxton,2006,327500
Jonathan Broxton,2007,390000
Jonathan Broxton,2008,454000
Jonathan Broxton,2009,1975000
Jonathan Broxton,2010,4000000
Jonathan Broxton,2011,7000000
Jonathan Broxton,2012,4000000
Jonathan Broxton,2013,4000000
Jonathan Broxton,2014,7000000
Jonathan Broxton,2015,9000000
Jonathan Broxton,2016,4950000
Jonathan Broxton,2017,3750000
Jonathan Gray,2015,169166
Jonathan Gray,2016,509500
Jonathan Gray,2017,540000
Jonathan Gray,2018,513248
Jonathan Gray,2019,2925000
Jonathan Gray,2020,2074074
Jonathan Gray,2021,6000000
Jonathan Gray,2022,15000000
Jonathan Gray,2023,15000000
Jonathan Gray,2024,13000000
Jonathan Gray,2025,13000000
Jonathan Papelbon,2006,335400
Jonathan Papelbon,2007,450500
Jonathan Papelbon,2008,800000
Jonathan Papelbon,2009,6300000
Jonathan Papelbon,2010,9350000
Jonathan Papelbon,2011,12000000
Jonathan Papelbon,2012,11000058
Jonathan Papelbon,2013,13000000
Jonathan Papelbon,2014,13000000
Jonathan Papelbon,2015,13000000
Jonathan Papelbon,2016,8000000
Jonathan Papelbon,2017,3000000
Jonathan Sanchez,2007,381000
Jonathan Sanchez,2008,395000
Jonathan Sanchez,2009,455000
Jonathan Sanchez,2010,2100000
Jonathan Sanchez,2012,5600000
Jonathan Sanchez,2013,1375000
Jonathan Singleton,2014,1500000
Jonathan Singleton,2015,2000000
Jonathan Singleton,2016,2000000
Jonathan Singleton,2017,2000000
Jonathan Singleton,2018,936170
Jonathan Singleton,2019,500000
Jonathan Singleton,2020,250000
Jonathan Singleton,2021,250000
Jonathan Singleton,2023,263228
Jonathan Singleton,2024,850000
Jonathan Singleton,2025,303492
Jonathon Niese,2009,400000
Jonathon Niese,2010,402000
Jonathon Niese,2011,452000
Jonathon Niese,2012,1019500
Jonathon Niese,2013,3000000
Jonathon Niese,2014,5000000
Jonathon Niese,2015,7000000
Jonathon Niese,2016,9000000
Jonathon Niese,2017,500000
Jon Gray,2015,169166
Jon Gray,2016,509500
Jon Gray,2017,540000
Jon Gray,2018,513248
Jon Gray,2019,2925000
Jon Gray,2020,2074074
Jon Gray,2021,6000000
Jon Gray,2022,15000000
Jon Gray,2023,15000000
Jon Gray,2024,13000000
Jon Gray,2025,13000000
Jon Lester,2006,196903
Jon Lester,2007,384000
Jon Lester,2008,421500
Jon Lester,2009,1000000
Jon Lester,2010,3800000
Jon Lester,2011,5800000
Jon Lester,2012,7625000
Jon Lester,2013,11625000
Jon Lester,2014,13050000
Jon Lester,2015,30000000
Jon Lester,2016,20000000
Jon Lester,2017,20000000
Jon Lester,2018,22500000
Jon Lester,2019,25000000
Jon Lester,2020,28055556
Jon Lester,2021,2000000
Jon Lester,2023,3000000
Jon Rauch,2012,250000
Jon Singleton,2014,1500000
Jon Singleton,2015,2000000
Jon Singleton,2016,2000000
Jon Singleton,2017,2000000
Jon Singleton,2018,936170
Jon Singleton,2019,500000
Jon Singleton,2020,250000
Jon Singleton,2021,250000
Jon Singleton,2023,263228
Jon Singleton,2024,850000
Jon Singleton,2025,303492
Jordan Lyles,2011,414000
Jordan Lyles,2012,480000
Jordan Lyles,2013,404316
Jordan Lyles,2014,502000
Jordan Lyles,2015,2475000
Jordan Lyles,2016,2975000
Jordan Lyles,2017,3265613
Jordan Lyles,2018,750000
Jordan Lyles,2019,3655614
Jordan Lyles,2020,2592593
Jordan Lyles,2021,8000000
Jordan Lyles,2022,7000000
Jordan Lyles,2023,8500000
Jordan Lyles,2024,8500000
Jordan Schafer,2009,400000
Jordan Schafer,2010,402500
Jordan Schafer,2011,414000
Jordan Schafer,2012,489000
Jordan Schafer,2013,512500
Jordan Schafer,2014,1090000
Jordan Schafer,2015,1550000
Jordan Walden,2010,91803
Jordan Walden,2011,414000
Jordan Walden,2012,495000
Jordan Walden,2013,541500
Jordan Walden,2014,1490000
Jordan Walden,2015,2850000
Jordan Walden,2016,3500000
Jordan Walden,2017,250000
Jordan Zimmermann,2009,400000
Jordan Zimmermann,2010,401000
Jordan Zimmermann,2011,415000
Jordan Zimmermann,2012,2300000
Jordan Zimmermann,2013,5350000
Jordan Zimmermann,2014,7500000
Jordan Zimmermann,2015,16500000
Jordan Zimmermann,2016,18000000
Jordan Zimmermann,2017,18000000
Jordan Zimmermann,2018,24000000
Jordan Zimmermann,2019,25000000
Jordan Zimmermann,2020,9259259
Jordan Zimmermann,2021,64512
Jorge Alfaro,2016,66552
Jorge Alfaro,2017,172457
Jorge Alfaro,2018,547000
Jorge Alfaro,2019,570000
Jorge Alfaro,2020,220370
Jorge Alfaro,2021,2050000
Jorge Alfaro,2022,2725000
Jorge Alfaro,2023,158711
Jorge Alfaro,2025,145161
Jorge López,2015,33278
Jorge López,2017,2923
Jorge López,2018,249050
Jorge López,2019,562250
Jorge López,2020,210860
Jorge López,2021,586750
Jorge López,2022,1500000
Jorge López,2023,3205000
Jorge López,2024,1995976
Jorge López,2025,3050000
Jorge Mateo,2019,555000
Jorge Mateo,2020,208704
Jorge Mateo,2021,565616
Jorge Mateo,2022,1044868
Jorge Mateo,2023,2000000
Jorge Mateo,2024,2700000
Jorge Mateo,2025,3550000
Jorge Mateo,2026,1000000
Jorge Polanco,2014,16393
Jorge Polanco,2015,11092
Jorge Polanco,2016,257889
Jorge Polanco,2017,540000
Jorge Polanco,2018,575000
Jorge Polanco,2019,3583333
Jorge Polanco,2020,1466049
Jorge Polanco,2021,4333334
Jorge Polanco,2022,5500000
Jorge Polanco,2023,7500000
Jorge Polanco,2024,11250000
Jorge Polanco,2025,10250000
Jorge Polanco,2026,20000000
Jorge Polanco,2027,20000000
Jorge Soler,2012,7000000
Jorge Soler,2013,1000000
Jorge Soler,2014,2000000
Jorge Soler,2015,2000000
Jorge Soler,2016,3000000
Jorge Soler,2017,3000000
Jorge Soler,2018,4000000
Jorge Soler,2019,4000000
Jorge Soler,2020,2703704
Jorge Soler,2021,8250027
Jorge Soler,2022,12000000
Jorge Soler,2023,19000000
Jorge Soler,2024,21962341
Jorge Soler,2025,13000000
Jorge Soler,2026,13000000
José Berríos,2016,205202
José Berríos,2017,535000
José Berríos,2018,570000
José Berríos,2019,620000
José Berríos,2020,1490741
José Berríos,2021,6100000
José Berríos,2022,15000000
José Berríos,2023,15000000
José Berríos,2024,17000000
José Berríos,2025,18000000
José Berríos,2026,18000000
José Berríos,2027,24000000
José Berríos,2028,24000000
Jose Contreras,2013,609781
José De León,2016,80417
José De León,2017,535600
José De León,2018,545600
José De León,2019,351000
José De León,2020,87220
José De León,2021,107905
José De León,2023,534198
José De León,2025,5376
Jose Fernandez,2011,2000000
Jose Fernandez,2013,490000
Jose Fernandez,2014,635000
Jose Fernandez,2015,651000
Jose Fernandez,2016,2800000
Jose Iglesias,2013,934427
Jose Iglesias,2014,1650000
Jose Iglesias,2015,1443750
Jose Iglesias,2016,2100000
Jose Iglesias,2017,4100000
Jose Iglesias,2018,6275000
Jose Iglesias,2019,2500000
Jose Iglesias,2020,925926
Jose Iglesias,2021,7082809
Jose Iglesias,2022,5000000
Jose Iglesias,2025,3000000
Jose Lopez,2012,585792
José Peraza,2015,110928
José Peraza,2016,274527
José Peraza,2017,540000
José Peraza,2018,570000
José Peraza,2019,2775000
José Peraza,2020,1055556
José Peraza,2021,510015
Jose Reyes,2003,300000
Jose Reyes,2004,307500
Jose Reyes,2005,332000
Jose Reyes,2006,401500
Jose Reyes,2007,4000000
Jose Reyes,2008,4000000
Jose Reyes,2009,5750000
Jose Reyes,2010,9050000
Jose Reyes,2011,11050000
Jose Reyes,2012,10000000
Jose Reyes,2013,10000000
Jose Reyes,2014,16000000
Jose Reyes,2015,22000000
Jose Reyes,2016,16118423
Jose Reyes,2017,22535000
Jose Reyes,2018,6000000
Jose Tabata,2008,550000
Jose Tabata,2010,400000
Jose Tabata,2011,1500000
Jose Tabata,2012,750000
Jose Tabata,2013,1000000
Jose Tabata,2014,3166667
Jose Tabata,2015,4000000
Jose Tabata,2016,4500000
Jose Tabata,2017,250000
Jose Tabata,2018,250000
Jose Tabata,2019,250000
Josh Beckett,2002,1250000
Josh Beckett,2003,818750
Josh Beckett,2004,1509375
Josh Beckett,2005,2400000
Josh Beckett,2006,4325000
Josh Beckett,2007,8000000
Josh Beckett,2008,9500000
Josh Beckett,2009,10500000
Josh Beckett,2010,12100000
Josh Beckett,2011,20750000
Josh Beckett,2012,15750000
Josh Beckett,2013,17000000
Josh Beckett,2014,17000000
Josh Bell,2016,146969
Josh Bell,2017,549000
Josh Bell,2018,572500
Josh Bell,2019,587000
Josh Bell,2020,1777778
Josh Bell,2021,6350000
Josh Bell,2022,10000000
Josh Bell,2023,16500000
Josh Bell,2024,16500000
Josh Bell,2025,6000000
Josh Bell,2026,5750000
Josh Bell,2027,1250000
Josh Fields,2009,410000
Josh Fields,2010,422000
Josh Hader,2017,336145
Josh Hader,2018,556500
Josh Hader,2019,687600
Josh Hader,2020,1518519
Josh Hader,2021,6675000
Josh Hader,2022,11000000
Josh Hader,2023,14100000
Josh Hader,2024,19000000
Josh Hader,2025,19075000
Josh Hader,2026,19000000
Josh Hader,2027,19000000
Josh Hader,2028,19000000
Josh Hamilton,2007,380000
Josh Hamilton,2008,406830
Josh Hamilton,2009,565000
Josh Hamilton,2010,3250000
Josh Hamilton,2011,10250000
Josh Hamilton,2012,13750000
Josh Hamilton,2013,25000000
Josh Hamilton,2014,15000000
Josh Hamilton,2015,17543722
Josh Hamilton,2016,28410000
Josh Hamilton,2017,28410000
Josh Johnson,2006,327000
Josh Johnson,2007,382000
Josh Johnson,2008,390000
Josh Johnson,2009,1400000
Josh Johnson,2010,3750000
Josh Johnson,2011,7750000
Josh Johnson,2012,13750000
Josh Johnson,2013,13750000
Josh Johnson,2014,8000000
Josh Johnson,2015,1000000
Josh Reddick,2010,400000
Josh Reddick,2011,417500
Josh Reddick,2012,485000
Josh Reddick,2013,510000
Josh Reddick,2014,2700000
Josh Reddick,2015,4100000
Josh Reddick,2016,6575000
Josh Reddick,2017,13000000
Josh Reddick,2018,13000000
Josh Reddick,2019,13000000
Josh Reddick,2020,4814815
Josh Reddick,2021,310464
Josh Vitters,2007,3200000
Josh Vitters,2012,480000
J.P. Arencibia,2011,417400
J.P. Arencibia,2012,489600
J.P. Arencibia,2013,505600
J.P. Arencibia,2014,1800000
J.P. Arencibia,2015,108155
J.P. Crawford,2017,78921
J.P. Crawford,2018,483945
J.P. Crawford,2019,426712
J.P. Crawford,2020,213259
J.P. Crawford,2021,2050000
J.P. Crawford,2022,10000000
J.P. Crawford,2023,10000000
J.P. Crawford,2024,10000000
J.P. Crawford,2025,10000000
J.P. Crawford,2026,11000000
J.R. Graham,2011,174600
J.R. Graham,2015,507500
J.R. Graham,2016,515819
J.R. Towles,2011,424000
J.T. Realmuto,2014,95620
J.T. Realmuto,2015,482540
J.T. Realmuto,2016,532500
J.T. Realmuto,2017,562500
J.T. Realmuto,2018,2900000
J.T. Realmuto,2019,5900000
J.T. Realmuto,2020,3703704
J.T. Realmuto,2021,10000000
J.T. Realmuto,2022,23875000
J.T. Realmuto,2023,23875000
J.T. Realmuto,2024,23875000
J.T. Realmuto,2025,23875000
J.T. Realmuto,2026,20000000
J.T. Realmuto,2027,20000000
J.T. Realmuto,2028,15000000
Juan Rivera,2004,312000
Juan Rivera,2005,390000
Juan Rivera,2006,1250000
Juan Rivera,2007,2025000
Juan Rivera,2008,2025000
Juan Rivera,2009,3250000
Juan Rivera,2010,4250000
Juan Rivera,2011,5250000
Juan Rivera,2012,4000000
Julio Teheran,2011,85967
Julio Teheran,2012,480000
Julio Teheran,2013,490000
Julio Teheran,2014,1800000
Julio Teheran,2015,1000000
Julio Teheran,2016,3300000
Julio Teheran,2017,6300000
Julio Teheran,2018,8000000
Julio Teheran,2019,12000000
Julio Teheran,2020,3333333
Julio Teheran,2021,3000000
Julio Teheran,2023,1500000
Julio Teheran,2024,120968
Julio Urías,2016,271754
Julio Urías,2017,70824
Julio Urías,2018,502690
Julio Urías,2019,565000
Julio Urías,2020,370370
Julio Urías,2021,3600000
Julio Urías,2022,8000000
Julio Urías,2023,14250000
Jurickson Profar,2012,86557
Jurickson Profar,2013,359530
Jurickson Profar,2014,505750
Jurickson Profar,2015,509500
Jurickson Profar,2016,605000
Jurickson Profar,2017,1005000
Jurickson Profar,2018,1050000
Jurickson Profar,2019,3600000
Jurickson Profar,2020,2111111
Jurickson Profar,2021,4500000
Jurickson Profar,2022,9000000
Jurickson Profar,2023,7839033
Jurickson Profar,2024,2500000
Jurickson Profar,2025,6193548
Jurickson Profar,2027,15000000
Justin Masterson,2014,9762500
Justin Morneau,2005,345000
Justin Morneau,2006,385000
Justin Morneau,2007,4500000
Justin Morneau,2008,13425000
Justin Morneau,2009,10625000
Justin Morneau,2010,14025000
Justin Morneau,2011,14000000
Justin Morneau,2012,14000000
Justin Morneau,2013,16000000
Justin Morneau,2014,5000000
Justin Morneau,2015,7250000
Justin Morneau,2016,1850000
Justin Nicolino,2015,177486
Justin Nicolino,2016,246797
Justin Nicolino,2017,289377
Justin Smoak,2010,400000
Justin Smoak,2011,419000
Justin Smoak,2012,495100
Justin Smoak,2013,514000
Justin Smoak,2014,2637500
Justin Smoak,2015,1150000
Justin Smoak,2017,4125000
Justin Smoak,2018,4125000
Justin Smoak,2019,8000000
Justin Smoak,2020,1518861
Justin Smoak,2021,1000000
Justin Upton,2007,380000
Justin Upton,2008,393000
Justin Upton,2009,412000
Justin Upton,2010,1750000
Justin Upton,2011,4250000
Justin Upton,2012,6750000
Justin Upton,2013,9750000
Justin Upton,2014,14250000
Justin Upton,2016,22125000
Justin Upton,2017,22125000
Justin Upton,2018,16000000
Justin Upton,2019,18000000
Justin Upton,2020,7777778
Justin Upton,2021,23000000
Justin Upton,2022,27607687
Justin Verlander,2005,3466000
Justin Verlander,2006,350000
Justin Verlander,2007,400000
Justin Verlander,2008,500000
Justin Verlander,2009,3975000
Justin Verlander,2010,7250000
Justin Verlander,2011,13250000
Justin Verlander,2012,20000000
Justin Verlander,2013,20000000
Justin Verlander,2014,20000000
Justin Verlander,2015,28000000
Justin Verlander,2016,28000000
Justin Verlander,2017,28000000
Justin Verlander,2018,28100000
Justin Verlander,2019,36075000
Justin Verlander,2020,12222222
Justin Verlander,2021,33000000
Justin Verlander,2022,25000000
Justin Verlander,2023,43333333
Justin Verlander,2024,43333333
Justin Verlander,2025,15000000
Justin Verlander,2026,2000000
Justin Verlander,2030,1100000
Justin Verlander,2031,1100000
Justin Verlander,2032,1100000
Justin Verlander,2033,1100000
Justin Verlander,2034,1100000
Justin Verlander,2035,1100000
Justin Verlander,2036,1100000
Justin Verlander,2037,1100000
Justin Verlander,2038,1100000
Justin Verlander,2039,1100000
Justus Sheffield,2018,38090
Justus Sheffield,2019,113392
Justus Sheffield,2020,209741
Justus Sheffield,2021,604800
Justus Sheffield,2022,129580
Kelly Johnson,2014,3967213
Kelly Johnson,2015,1500000
Kelly Johnson,2016,2250000
Kendrys Morales,2005,3316000
Kendrys Morales,2006,350000
Kendrys Morales,2007,400000
Kendrys Morales,2008,500000
Kendrys Morales,2009,600000
Kendrys Morales,2010,700000
Kendrys Morales,2011,2975000
Kendrys Morales,2012,2975000
Kendrys Morales,2013,5250000
Kendrys Morales,2014,7409386
Kendrys Morales,2015,7250000
Kendrys Morales,2016,9600819
Kendrys Morales,2017,10000000
Kendrys Morales,2018,11000000
Kendrys Morales,2019,10654570
Kevin Gausman,2013,348087
Kevin Gausman,2014,249877
Kevin Gausman,2015,231049
Kevin Gausman,2016,532000
Kevin Gausman,2017,3550000
Kevin Gausman,2018,5600000
Kevin Gausman,2019,9350000
Kevin Gausman,2020,3333333
Kevin Gausman,2021,18900000
Kevin Gausman,2022,21000000
Kevin Gausman,2023,21000000
Kevin Gausman,2024,24000000
Kevin Gausman,2025,23000000
Kevin Gausman,2026,23000000
Kevin Newman,2018,134780
Kevin Newman,2019,557500
Kevin Newman,2020,218148
Kevin Newman,2021,598000
Kevin Newman,2022,1950000
Kevin Newman,2023,2662000
Kevin Newman,2024,946237
Kevin Newman,2025,2750000
Kevin Plawecki,2015,407663
Kevin Plawecki,2016,310134
Kevin Plawecki,2017,227994
Kevin Plawecki,2018,557471
Kevin Plawecki,2019,1137500
Kevin Plawecki,2020,433333
Kevin Plawecki,2021,1600000
Kevin Plawecki,2022,2303844
Kevin Slowey,2012,2750000
Kevin Slowey,2014,380327
Kohl Stewart,2018,146500
Kohl Stewart,2019,125328
Kohl Stewart,2020,296296
Kohl Stewart,2021,402641
Kolby Allard,2018,125990
Kolby Allard,2019,155168
Kolby Allard,2020,209815
Kolby Allard,2021,584250
Kolby Allard,2022,197800
Kolby Allard,2023,750000
Kolby Allard,2024,1025000
Kolby Allard,2025,1133340
Kolby Allard,2026,100267
Kolten Wong,2013,120491
Kolten Wong,2014,377049
Kolten Wong,2015,520000
Kolten Wong,2016,1250000
Kolten Wong,2017,2500000
Kolten Wong,2018,4000000
Kolten Wong,2019,6500000
Kolten Wong,2020,4796296
Kolten Wong,2021,3000000
Kolten Wong,2022,8000000
Kolten Wong,2023,12616130
Kolten Wong,2024,2500000
Kosuke Fukudome,2008,7000000
Kosuke Fukudome,2009,12500000
Kosuke Fukudome,2010,14000000
Kosuke Fukudome,2011,14500000
Kosuke Fukudome,2012,1000000
Kris Bryant,2015,471448
Kris Bryant,2016,652000
Kris Bryant,2017,1050000
Kris Bryant,2018,10850000
Kris Bryant,2019,12900000
Kris Bryant,2020,6888889
Kris Bryant,2021,19500000
Kris Bryant,2022,24000000
Kris Bryant,2023,27000000
Kris Bryant,2024,27000000
Kris Bryant,2025,26000000
Kris Bryant,2026,26000000
Kris Bryant,2027,26000000
Kris Bryant,2028,26000000
Kurt Suzuki,2007,232568
Kurt Suzuki,2008,395000
Kurt Suzuki,2009,410000
Kurt Suzuki,2010,750000
Kurt Suzuki,2011,3400000
Kurt Suzuki,2012,5000000
Kurt Suzuki,2013,6450000
Kurt Suzuki,2014,3950000
Kurt Suzuki,2015,6000000
Kurt Suzuki,2016,6000000
Kurt Suzuki,2017,1600000
Kurt Suzuki,2018,3850000
Kurt Suzuki,2019,4000000
Kurt Suzuki,2020,2222222
Kurt Suzuki,2021,1500000
Kurt Suzuki,2022,1750000
Kyle Blanks,2014,987500
Kyle Blanks,2015,1000000
Kyle Crick,2017,535000
Kyle Crick,2018,501030
Kyle Crick,2019,581500
Kyle Crick,2020,218519
Kyle Crick,2021,494615
Kyle Crick,2022,1250000
Kyle Davies,2005,316000
Kyle Davies,2006,333500
Kyle Davies,2007,380000
Kyle Davies,2008,390000
Kyle Davies,2009,1300000
Kyle Davies,2010,1800000
Kyle Davies,2011,3200000
Kyle Drabek,2011,416000
Kyle Drabek,2012,485900
Kyle Drabek,2013,499500
Kyle Drabek,2014,500000
Kyle Drabek,2015,518200
Kyle Freeland,2017,535000
Kyle Freeland,2018,550000
Kyle Freeland,2019,434434
Kyle Freeland,2020,1064815
Kyle Freeland,2021,5025000
Kyle Freeland,2022,7000000
Kyle Freeland,2023,10500000
Kyle Freeland,2024,15000000
Kyle Freeland,2025,16000000
Kyle Freeland,2026,16000000
Kyle Gibson,2013,149945
Kyle Gibson,2014,502500
Kyle Gibson,2015,537500
Kyle Gibson,2016,587500
Kyle Gibson,2017,2900000
Kyle Gibson,2018,4200000
Kyle Gibson,2019,8125000
Kyle Gibson,2020,4629629
Kyle Gibson,2021,11500000
Kyle Gibson,2022,8000000
Kyle Gibson,2023,10000000
Kyle Gibson,2024,13000000
Kyle Gibson,2025,5250000
Kyle Lewis,2019,59680
Kyle Lewis,2020,209259
Kyle Lewis,2021,625000
Kyle Lewis,2022,524664
Kyle Lewis,2023,1610000
Kyle Parker,2014,101092
Kyle Parker,2015,5546
Kyle Schwarber,2015,232950
Kyle Schwarber,2016,522000
Kyle Schwarber,2017,519120
Kyle Schwarber,2018,604500
Kyle Schwarber,2019,3390000
Kyle Schwarber,2020,2596296
Kyle Schwarber,2021,10000000
Kyle Schwarber,2022,19000000
Kyle Schwarber,2023,20000000
Kyle Schwarber,2024,20000000
Kyle Schwarber,2025,20000000
Kyle Schwarber,2026,30000000
Kyle Schwarber,2027,30000000
Kyle Schwarber,2028,30000000
Kyle Schwarber,2029,30000000
Kyle Schwarber,2030,30000000
Kyle Skipworth,2013,53551
Kyle Skipworth,2015,13866
Kyle Tucker,2018,146500
Kyle Tucker,2019,83552
Kyle Tucker,2020,210630
Kyle Tucker,2021,624300
Kyle Tucker,2022,1910755
Kyle Tucker,2023,5000000
Kyle Tucker,2024,12000000
Kyle Tucker,2025,16500000
Kyle Tucker,2026,55000000
Kyle Tucker,2027,55000000
Kyle Tucker,2028,50000000
Kyle Tucker,2029,50000000
Kyle Tucker,2036,3000000
Kyle Tucker,2037,3000000
Kyle Tucker,2038,3000000
Kyle Tucker,2039,3000000
Kyle Tucker,2040,3000000
Kyle Tucker,2041,3000000
Kyle Tucker,2042,3000000
Kyle Tucker,2043,3000000
Kyle Tucker,2044,3000000
Kyle Tucker,2045,3000000
Kyle Zimmer,2019,185008
Kyle Zimmer,2020,209537
Kyle Zimmer,2021,588700
Lars Anderson,2012,480000
Lastings Milledge,2007,383000
Lastings Milledge,2008,402500
Lastings Milledge,2009,452000
Lastings Milledge,2010,452000
Lastings Milledge,2011,500000
Leody Taveras,2020,127715
Leody Taveras,2021,203676
Leody Taveras,2022,438444
Leody Taveras,2023,1069825
Leody Taveras,2024,2550000
Leody Taveras,2025,4750000
Leody Taveras,2026,2000000
Leonys Martin,2011,5500000
Leonys Martin,2012,1250000
Leonys Martin,2013,2250000
Leonys Martin,2014,2750000
Leonys Martin,2015,3750000
Leonys Martin,2016,4150000
Leonys Martin,2017,4850000
Leonys Martin,2018,1750000
Leonys Martin,2019,3000000
Lewis Brinson,2017,67229
Lewis Brinson,2018,545000
Lewis Brinson,2019,272785
Lewis Brinson,2020,214815
Lewis Brinson,2021,587500
Lewis Brinson,2022,80766
Logan Morrison,2010,276000
Logan Morrison,2011,414000
Logan Morrison,2012,480000
Logan Morrison,2013,303494
Logan Morrison,2014,1750000
Logan Morrison,2015,2750000
Logan Morrison,2016,4200000
Logan Morrison,2017,2750000
Logan Morrison,2018,5500000
Logan Morrison,2019,1252672
Logan Morrison,2020,99504
Lonnie Chisenhall,2011,414000
Lonnie Chisenhall,2012,480000
Lonnie Chisenhall,2013,395936
Lonnie Chisenhall,2014,510800
Lonnie Chisenhall,2015,2250000
Lonnie Chisenhall,2016,2725000
Lonnie Chisenhall,2017,4300000
Lonnie Chisenhall,2018,5587500
Lonnie Chisenhall,2019,2750000
Lou Marson,2013,1000000
Lucas Giolito,2016,108147
Lucas Giolito,2017,119843
Lucas Giolito,2018,555000
Lucas Giolito,2019,573000
Lucas Giolito,2020,232222
Lucas Giolito,2021,4150000
Lucas Giolito,2022,7450000
Lucas Giolito,2023,10400000
Lucas Giolito,2024,18000000
Lucas Giolito,2025,20500000
Lucas Giolito,2026,1500000
Lucas Giolito,2027,1500000
Lucas Sims,2017,181226
Lucas Sims,2018,146500
Lucas Sims,2019,229768
Lucas Sims,2020,213889
Lucas Sims,2021,598500
Lucas Sims,2022,1200000
Lucas Sims,2023,1267500
Lucas Sims,2024,2850000
Lucas Sims,2025,3000000
Lucas Sims,2026,184483
Luis Ortiz,2018,79110
Luis Ortiz,2019,5968
Luis Ortiz,2022,49998
Luis Ortiz,2023,162582
Luis Ortiz,2024,744000
Luis Sardinas,2014,243169
Luis Sardinas,2015,144207
Luis Sardinas,2016,346952
Luis Sardinas,2017,145089
Luis Sardinas,2018,234400
Luis Severino,2015,166393
Luis Severino,2016,304843
Luis Severino,2017,550975
Luis Severino,2018,604975
Luis Severino,2019,6000000
Luis Severino,2020,3703703
Luis Severino,2021,10250000
Luis Severino,2022,11000000
Luis Severino,2023,15000000
Luis Severino,2024,15000000
Luis Severino,2025,25000000
Luis Severino,2026,20000000
Luke Hochevar,2007,575000
Luke Hochevar,2008,1200000
Luke Hochevar,2009,1325000
Luke Hochevar,2010,1760000
Luke Hochevar,2011,1760000
Luke Hochevar,2012,3510000
Luke Hochevar,2013,4560000
Luke Hochevar,2014,5210000
Luke Hochevar,2015,4000000
Luke Hochevar,2016,5500000
Luke Hochevar,2017,500000
Luke Weaver,2016,144196
Luke Weaver,2017,175380
Luke Weaver,2018,512253
Luke Weaver,2019,581300
Luke Weaver,2020,221111
Luke Weaver,2021,1950000
Luke Weaver,2022,2875000
Luke Weaver,2023,2147098
Luke Weaver,2024,2250000
Luke Weaver,2025,2750000
Luke Weaver,2026,11000000
Luke Weaver,2027,11000000
Lyle Overbay,2003,300000
Lyle Overbay,2004,326000
Lyle Overbay,2005,446000
Lyle Overbay,2006,2525000
Lyle Overbay,2007,4200000
Lyle Overbay,2008,5800000
Lyle Overbay,2009,7000000
Lyle Overbay,2010,7000000
Lyle Overbay,2011,5000000
Lyle Overbay,2012,1000000
Lyle Overbay,2013,1250000
Lyle Overbay,2014,1500000
Madison Bumgarner,2009,400000
Madison Bumgarner,2010,400000
Madison Bumgarner,2011,450000
Madison Bumgarner,2012,560000
Madison Bumgarner,2013,1775000
Madison Bumgarner,2014,3800000
Madison Bumgarner,2015,6800000
Madison Bumgarner,2016,9775000
Madison Bumgarner,2017,12000000
Madison Bumgarner,2018,12000000
Madison Bumgarner,2019,12000000
Madison Bumgarner,2020,2222222
Madison Bumgarner,2021,14000000
Madison Bumgarner,2022,18000000
Madison Bumgarner,2023,18000000
Madison Bumgarner,2024,14000000
Madison Bumgarner,2025,5000000
Madison Bumgarner,2026,5000000
Madison Bumgarner,2027,5000000
Maikel Franco,2015,393797
Maikel Franco,2016,517500
Maikel Franco,2017,560000
Maikel Franco,2018,2950000
Maikel Franco,2019,5200000
Maikel Franco,2020,1482593
Maikel Franco,2021,800000
Maikel Franco,2022,1250000
Manny Bañuelos,2015,263456
Manny Bañuelos,2016,559000
Manny Bañuelos,2017,476904
Manny Bañuelos,2019,559000
Manny Bañuelos,2022,476904
Manny Machado,2012,112786
Manny Machado,2013,520000
Manny Machado,2014,519000
Manny Machado,2015,548000
Manny Machado,2016,5000000
Manny Machado,2017,11500000
Manny Machado,2018,15999999
Manny Machado,2019,30000000
Manny Machado,2020,11111111
Manny Machado,2021,30000000
Manny Machado,2022,30000000
Manny Machado,2023,23000000
Manny Machado,2024,13000000
Manny Machado,2025,13000000
Manny Machado,2026,21000000
Manny Machado,2027,40000000
Manny Machado,2028,40000000
Manny Machado,2029,40000000
Manny Machado,2030,40000000
Manny Machado,2031,40000000
Manny Machado,2032,40000000
Manny Machado,2033,40000000
Manny Parra,2007,380000
Manny Parra,2008,390000
Manny Parra,2009,426000
Manny Parra,2010,440000
Manny Parra,2011,1200000
Manny Parra,2012,1200000
Manny Parra,2013,1000000
Manny Parra,2014,2000000
Manny Parra,2015,3500000
Manuel Margot,2016,33276
Manuel Margot,2017,535600
Manuel Margot,2018,556900
Manuel Margot,2019,577100
Manuel Margot,2020,916667
Manuel Margot,2021,3400000
Manuel Margot,2022,5600000
Manuel Margot,2023,7000000
Manuel Margot,2024,10000000
Manuel Margot,2025,2000000
Marcus Stroman,2014,371584
Marcus Stroman,2015,514700
Marcus Stroman,2016,515900
Marcus Stroman,2017,3400000
Marcus Stroman,2018,6500000
Marcus Stroman,2019,7400000
Marcus Stroman,2020,1061360
Marcus Stroman,2021,18900000
Marcus Stroman,2022,25000000
Marcus Stroman,2023,25000000
Marcus Stroman,2024,19000000
Marcus Stroman,2025,18000000
Mark Appel,2022,99996
Mark Prior,2002,4250000
Mark Prior,2003,650000
Mark Prior,2004,2100000
Mark Prior,2005,2500000
Mark Teahen,2005,316000
Mark Teahen,2006,344500
Mark Teahen,2007,416000
Mark Teahen,2008,2337500
Mark Teahen,2009,3575000
Mark Teahen,2010,3750000
Mark Teahen,2011,4750000
Mark Teahen,2012,5500000
Mark Teixeira,2002,4750000
Mark Teixeira,2003,750000
Mark Teixeira,2004,1500000
Mark Teixeira,2005,2500000
Mark Teixeira,2006,6450000
Mark Teixeira,2007,9200000
Mark Teixeira,2008,12500000
Mark Teixeira,2009,25000000
Mark Teixeira,2010,20000000
Mark Teixeira,2011,22500000
Mark Teixeira,2012,22500000
Mark Teixeira,2013,22500000
Mark Teixeira,2014,22500000
Mark Teixeira,2015,22500000
Mark Teixeira,2016,22500000
Marlon Byrd,2003,300000
Marlon Byrd,2004,355000
Marlon Byrd,2006,800000
Marlon Byrd,2007,60000
Marlon Byrd,2008,1800000
Marlon Byrd,2009,3135000
Marlon Byrd,2010,3000000
Marlon Byrd,2011,5500000
Marlon Byrd,2012,12564837
Marlon Byrd,2013,700000
Marlon Byrd,2014,8000000
Marlon Byrd,2015,15016393
Marlon Byrd,2016,322404
Martin Perez,2012,480000
Martin Perez,2013,384459
Martin Perez,2014,1750000
Martin Perez,2015,1000000
Martin Perez,2016,2900000
Martin Perez,2017,4400000
Martin Perez,2018,6000000
Martin Perez,2019,4750000
Martin Perez,2020,2922222
Martin Perez,2021,5000000
Martin Perez,2022,4000000
Martin Perez,2023,19650000
Martin Perez,2024,8000000
Martin Perez,2025,5000000
Martin Perez,2026,3314312
Mason Williams,2015,321693
Mason Williams,2016,52915
Mason Williams,2017,535000
Mason Williams,2018,196310
Mason Williams,2019,80568
Mason Williams,2020,52955
Mason Williams,2021,383375
Mat Gamel,2009,400000
Mat Gamel,2010,406500
Mat Gamel,2011,414000
Mat Gamel,2012,481000
Mat Gamel,2013,491000
Matt Albers,2006,327000
Matt Albers,2007,380000
Matt Albers,2008,395000
Matt Albers,2009,410000
Matt Albers,2010,680000
Matt Albers,2011,875000
Matt Albers,2012,1075000
Matt Albers,2013,1750000
Matt Albers,2014,2250000
Matt Albers,2015,1700000
Matt Albers,2016,2000000
Matt Albers,2017,2000000
Matt Albers,2018,2500000
Matt Albers,2019,2500000
Matt Barnes,2015,238967
Matt Barnes,2016,511000
Matt Barnes,2017,563500
Matt Barnes,2018,605000
Matt Barnes,2019,1600000
Matt Barnes,2020,1148148
Matt Barnes,2021,4500000
Matt Barnes,2022,9000000
Matt Barnes,2023,7500000
Matt Barnes,2024,3311460
Matt Belisle,2005,316000
Matt Belisle,2006,343500
Matt Belisle,2007,390000
Matt Belisle,2008,1250000
Matt Belisle,2009,800000
Matt Belisle,2010,850000
Matt Belisle,2011,2350000
Matt Belisle,2012,3775000
Matt Belisle,2013,4100000
Matt Belisle,2014,4250000
Matt Belisle,2015,3500000
Matt Belisle,2016,1250000
Matt Belisle,2017,2050000
Matt Belisle,2018,599440
Matt Cain,2006,328000
Matt Cain,2007,650000
Matt Cain,2008,950000
Matt Cain,2009,2900000
Matt Cain,2010,4583333
Matt Cain,2011,7333333
Matt Cain,2012,16266666
Matt Cain,2013,20833333
Matt Cain,2014,20833333
Matt Cain,2015,20833333
Matt Cain,2016,20833333
Matt Cain,2017,20833334
Matt Cain,2018,7500000
Matt Davidson,2013,133879
Matt Davidson,2016,507500
Matt Davidson,2017,537000
Matt Davidson,2018,570000
Matt Davidson,2020,212962
Matt Davidson,2022,96152
Matt Dominguez,2011,414000
Matt Dominguez,2012,480000
Matt Dominguez,2013,491800
Matt Dominguez,2014,510100
Matt Dominguez,2016,507500
Matt Garza,2007,380000
Matt Garza,2008,404600
Matt Garza,2009,463300
Matt Garza,2010,3350000
Matt Garza,2011,5950000
Matt Garza,2012,9500000
Matt Garza,2013,10250000
Matt Garza,2014,12500000
Matt Garza,2015,12500000
Matt Garza,2016,12500000
Matt Garza,2017,12500000
Matt Harrison,2008,390000
Matt Harrison,2009,4055000
Matt Harrison,2010,406090
Matt Harrison,2011,428830
Matt Harrison,2012,2950000
Matt Harrison,2013,6000000
Matt Harrison,2014,8000000
Matt Harrison,2015,13000000
Matt Harrison,2016,13000000
Matt Harrison,2017,13000000
Matt Harrison,2018,2000000
Matt Harvey,2012,480000
Matt Harvey,2013,498750
Matt Harvey,2014,606625
Matt Harvey,2015,614125
Matt Harvey,2016,4325000
Matt Harvey,2017,5040983
Matt Harvey,2018,5625000
Matt Harvey,2019,11000000
Matt Harvey,2020,130339
Matt Harvey,2021,1000000
Matt Kemp,2007,383000
Matt Kemp,2008,406000
Matt Kemp,2009,467000
Matt Kemp,2010,4000000
Matt Kemp,2011,7100000
Matt Kemp,2012,12000000
Matt Kemp,2013,20000000
Matt Kemp,2014,21000000
Matt Kemp,2015,21000000
Matt Kemp,2016,21500000
Matt Kemp,2017,21500000
Matt Kemp,2018,21500000
Matt Kemp,2019,25000000
Matt Kemp,2020,370370
Matt LaPorta,2012,480000
Matt Manning,2021,303633
Matt Manning,2022,705300
Matt Manning,2023,729200
Matt Manning,2024,55692
Matt Manning,2025,230666
Matt Moore,2011,414000
Matt Moore,2012,1500000
Matt Moore,2013,1000000
Matt Moore,2014,1000000
Matt Moore,2015,3000000
Matt Moore,2016,5000000
Matt Moore,2017,7000000
Matt Moore,2018,9000000
Matt Moore,2019,3250000
Matt Moore,2021,3000000
Matt Moore,2022,2311852
Matt Moore,2023,7550000
Matt Moore,2024,9000000
Matt Olson,2016,58233
Matt Olson,2017,236763
Matt Olson,2018,547500
Matt Olson,2019,575000
Matt Olson,2020,223519
Matt Olson,2021,5000000
Matt Olson,2022,15000000
Matt Olson,2023,21000000
Matt Olson,2024,22000000
Matt Olson,2025,22000000
Matt Olson,2026,22000000
Matt Olson,2027,22000000
Matt Olson,2028,22000000
Matt Olson,2029,22000000
Matt Szczur,2012,480000
Matt Szczur,2014,117486
Matt Szczur,2015,244524
Matt Szczur,2016,511500
Matt Szczur,2017,648599
Matt Szczur,2018,950000
Matt Szczur,2019,950000
Matt Wieters,2009,281967
Matt Wieters,2010,400000
Matt Wieters,2011,452250
Matt Wieters,2012,500000
Matt Wieters,2013,5500000
Matt Wieters,2014,7700000
Matt Wieters,2015,8300000
Matt Wieters,2016,15800000
Matt Wieters,2017,5500000
Matt Wieters,2018,10500000
Matt Wieters,2019,1500000
Matt Wieters,2020,740741
Matt Wieters,2021,5000000
Matt Wisler,2015,302281
Matt Wisler,2016,435361
Matt Wisler,2017,216302
Matt Wisler,2018,149430
Matt Wisler,2019,533310
Matt Wisler,2020,268519
Matt Wisler,2021,1193817
Matt Wisler,2022,2160000
Max Fried,2017,143227
Max Fried,2018,293000
Max Fried,2019,565000
Max Fried,2020,216111
Max Fried,2021,3500000
Max Fried,2022,6850000
Max Fried,2023,13500000
Max Fried,2024,15000000
Max Fried,2025,22000000
Max Fried,2026,22000000
Max Fried,2027,29000000
Max Fried,2028,29000000
Max Fried,2029,29000000
Max Fried,2030,29000000
Max Fried,2031,29000000
Max Fried,2032,29000000
Max Kepler,2015,36051
Max Kepler,2016,388220
Max Kepler,2017,547500
Max Kepler,2018,587500
Max Kepler,2019,6000000
Max Kepler,2020,2314815
Max Kepler,2021,6500000
Max Kepler,2022,6750000
Max Kepler,2023,8500000
Max Kepler,2024,10000000
Max Kepler,2025,10000000
Max Kepler,2026,467152
Max Scherzer,2007,950000
Max Scherzer,2008,950000
Max Scherzer,2009,1450000
Max Scherzer,2010,950000
Max Scherzer,2011,600000
Max Scherzer,2012,3750000
Max Scherzer,2013,6725000
Max Scherzer,2014,15525000
Max Scherzer,2015,15175000
Max Scherzer,2016,15100000
Max Scherzer,2017,15175000
Max Scherzer,2018,15100000
Max Scherzer,2019,15100000
Max Scherzer,2020,15000000
Max Scherzer,2021,15100000
Max Scherzer,2022,58333333
Max Scherzer,2023,58333333
Max Scherzer,2024,58333333
Max Scherzer,2025,30500000
Max Scherzer,2026,18000000
Micah Owings,2008,402000
Micah Owings,2009,420000
Micah Owings,2010,440000
Micah Owings,2012,500000
Michael A. Taylor,2014,101092
Michael A. Taylor,2015,478122
Michael A. Taylor,2016,412272
Michael A. Taylor,2017,551869
Michael A. Taylor,2018,2525000
Michael A. Taylor,2019,1860215
Michael A. Taylor,2020,1231481
Michael A. Taylor,2021,2000000
Michael A. Taylor,2022,4650000
Michael A. Taylor,2023,4600000
Michael A. Taylor,2024,4000000
Michael A. Taylor,2025,2250000
Michael Bowden,2005,730000
Michael Bowden,2008,390000
Michael Bowden,2009,400000
Michael Bowden,2010,400000
Michael Bowden,2011,417500
Michael Bowden,2012,484000
Michael Bowden,2013,289551
Michael Choice,2013,80327
Michael Choice,2014,96010
Michael Choice,2015,5598
Michael Conforto,2015,202445
Michael Conforto,2016,395640
Michael Conforto,2017,554904
Michael Conforto,2018,605094
Michael Conforto,2019,4025000
Michael Conforto,2020,2962963
Michael Conforto,2021,12250000
Michael Conforto,2023,18000000
Michael Conforto,2024,18000000
Michael Conforto,2025,17000000
Michael Conforto,2026,2000000
Michael Cuddyer,2003,302500
Michael Cuddyer,2004,307500
Michael Cuddyer,2005,347500
Michael Cuddyer,2006,1300000
Michael Cuddyer,2007,3575000
Michael Cuddyer,2008,5916666
Michael Cuddyer,2009,7666667
Michael Cuddyer,2010,9416667
Michael Cuddyer,2011,10525000
Michael Cuddyer,2012,10500000
Michael Cuddyer,2013,10500000
Michael Cuddyer,2014,11500000
Michael Cuddyer,2015,8500000
Michael Cuddyer,2016,2000000
Michael Franco,2015,393797
Michael Franco,2016,517500
Michael Franco,2017,560000
Michael Franco,2018,2950000
Michael Franco,2019,5200000
Michael Franco,2020,1482593
Michael Franco,2021,800000
Michael Franco,2022,1250000
Michael Fulmer,2016,435396
Michael Fulmer,2017,551900
Michael Fulmer,2018,575200
Michael Fulmer,2019,2800000
Michael Fulmer,2020,1037037
Michael Fulmer,2021,3100000
Michael Fulmer,2022,4950000
Michael Fulmer,2023,4000000
Michael Fulmer,2025,60484
Michael Kopech,2018,120130
Michael Kopech,2019,555000
Michael Kopech,2021,570500
Michael Kopech,2022,730000
Michael Kopech,2023,2050000
Michael Kopech,2024,3000000
Michael Kopech,2025,5200000
Michael Pineda,2011,414000
Michael Pineda,2012,528475
Michael Pineda,2013,421624
Michael Pineda,2014,509050
Michael Pineda,2015,2100000
Michael Pineda,2016,4300000
Michael Pineda,2017,7400000
Michael Pineda,2018,2000000
Michael Pineda,2019,5419340
Michael Pineda,2020,651758
Michael Pineda,2021,10000000
Michael Pineda,2022,5500000
Michael Saunders,2009,400000
Michael Saunders,2010,400000
Michael Saunders,2011,420000
Michael Saunders,2012,489100
Michael Saunders,2013,512600
Michael Saunders,2014,2300000
Michael Saunders,2015,2875000
Michael Saunders,2016,2900000
Michael Saunders,2017,8093536
Michael Saunders,2018,1000000
Michael Soroka,2018,448290
Michael Soroka,2019,492360
Michael Soroka,2020,216111
Michael Soroka,2021,2800000
Michael Soroka,2022,2800000
Michael Soroka,2023,2800000
Michael Soroka,2024,3000000
Michael Soroka,2025,9000000
Michael Soroka,2026,7000000
Michael Soroka,2027,1000000
Michael Taylor,2014,101092
Michael Taylor,2015,478122
Michael Taylor,2016,412272
Michael Taylor,2017,551869
Michael Taylor,2018,2525000
Michael Taylor,2019,1860215
Michael Taylor,2020,1231481
Michael Taylor,2021,2000000
Michael Taylor,2022,4650000
Michael Taylor,2023,4600000
Michael Taylor,2024,4000000
Michael Taylor,2025,2250000
Michael Wacha,2013,166010
Michael Wacha,2014,175573
Michael Wacha,2015,520000
Michael Wacha,2016,539000
Michael Wacha,2017,2775000
Michael Wacha,2018,5300000
Michael Wacha,2019,6350000
Michael Wacha,2020,1666666
Michael Wacha,2021,3000000
Michael Wacha,2022,7000000
Michael Wacha,2023,8000000
Michael Wacha,2024,16450000
Michael Wacha,2025,18000000
Michael Wacha,2026,18000000
Michael Wacha,2027,14000000
Michael Wacha,2028,1000000
Michael Ynoa,2016,507500
Michael Ynoa,2017,540000
Mickey Moniak,2020,21805
Mickey Moniak,2021,88943
Mickey Moniak,2022,600912
Mickey Moniak,2023,812444
Mickey Moniak,2024,770000
Mickey Moniak,2025,1733871
Mickey Moniak,2026,4000000
Miguel Almonte,2015,91516
Miguel Almonte,2016,508500
Miguel Almonte,2017,535000
Miguel Almonte,2018,93760
Miguel Cabrera,2003,165574
Miguel Cabrera,2004,320000
Miguel Cabrera,2005,370000
Miguel Cabrera,2006,472000
Miguel Cabrera,2007,7400000
Miguel Cabrera,2008,11300000
Miguel Cabrera,2009,15050000
Miguel Cabrera,2010,20200000
Miguel Cabrera,2011,20150000
Miguel Cabrera,2012,21300000
Miguel Cabrera,2013,21300000
Miguel Cabrera,2014,22100000
Miguel Cabrera,2015,22100000
Miguel Cabrera,2016,28050000
Miguel Cabrera,2017,28000000
Miguel Cabrera,2018,30000000
Miguel Cabrera,2019,30000000
Miguel Cabrera,2020,11111111
Miguel Cabrera,2021,30000000
Miguel Cabrera,2022,32000000
Miguel Cabrera,2023,32000000
Miguel Cabrera,2024,8000000
Miguel Montero,2006,327000
Miguel Montero,2007,380000
Miguel Montero,2008,400500
Miguel Montero,2009,425000
Miguel Montero,2010,2000000
Miguel Montero,2011,3200000
Miguel Montero,2012,5900000
Miguel Montero,2013,10000000
Miguel Montero,2014,10000000
Miguel Montero,2015,12000000
Miguel Montero,2016,14000000
Miguel Montero,2017,14000000
Miguel Sanó,2009,18
Miguel Sanó,2010,8
Miguel Sanó,2015,263456
Miguel Sanó,2016,547500
Miguel Sanó,2017,572500
Miguel Sanó,2018,463177
Miguel Sanó,2019,2650000
Miguel Sanó,2020,5111111
Miguel Sanó,2021,11000000
Miguel Sanó,2022,12000000
Miguel Sanó,2023,11000000
Miguel Sanó,2024,875000
Miguel Sanó,2026,875000
Mike Foltynewicz,2014,161202
Mike Foltynewicz,2015,347506
Mike Foltynewicz,2016,507500
Mike Foltynewicz,2017,544000
Mike Foltynewicz,2018,2200000
Mike Foltynewicz,2019,5475000
Mike Foltynewicz,2020,2379630
Mike Foltynewicz,2021,2000000
Mike Leake,2010,400000
Mike Leake,2011,425000
Mike Leake,2012,507500
Mike Leake,2013,3060000
Mike Leake,2014,5925000
Mike Leake,2015,9775000
Mike Leake,2016,12000000
Mike Leake,2017,27295089
Mike Leake,2018,17000000
Mike Leake,2019,16000000
Mike Leake,2020,5000000
Mike Minor,2010,124590
Mike Minor,2011,414000
Mike Minor,2012,482500
Mike Minor,2013,505000
Mike Minor,2014,3850000
Mike Minor,2015,5600000
Mike Minor,2016,2750000
Mike Minor,2017,4000000
Mike Minor,2018,10250000
Mike Minor,2019,9500000
Mike Minor,2020,3518519
Mike Minor,2021,7000000
Mike Minor,2022,12000000
Mike Montgomery,2015,246816
Mike Montgomery,2016,515000
Mike Montgomery,2017,570500
Mike Montgomery,2018,611250
Mike Montgomery,2019,2440000
Mike Montgomery,2020,1148148
Mike Montgomery,2022,1100000
Mike Moustakas,2007,4000000
Mike Moustakas,2011,251114
Mike Moustakas,2012,487250
Mike Moustakas,2013,524500
Mike Moustakas,2014,549000
Mike Moustakas,2015,2700000
Mike Moustakas,2016,5600000
Mike Moustakas,2017,8700000
Mike Moustakas,2018,7700000
Mike Moustakas,2019,11050000
Mike Moustakas,2020,4444444
Mike Moustakas,2021,14000000
Mike Moustakas,2022,16000000
Mike Moustakas,2023,22716135
Mike Olt,2010,717300
Mike Olt,2012,165245
Mike Olt,2014,384043
Mike Olt,2015,79562
Mike Pelfrey,2006,3975000
Mike Pelfrey,2007,425000
Mike Pelfrey,2008,425000
Mike Pelfrey,2009,425000
Mike Pelfrey,2010,500000
Mike Pelfrey,2011,3925000
Mike Pelfrey,2012,5687500
Mike Pelfrey,2013,4000000
Mike Pelfrey,2014,5500000
Mike Pelfrey,2015,5500000
Mike Pelfrey,2016,8000000
Mike Pelfrey,2017,8535000
Mike Trout,2011,149292
Mike Trout,2012,482500
Mike Trout,2013,510000
Mike Trout,2014,1000000
Mike Trout,2015,5250000
Mike Trout,2016,15250000
Mike Trout,2017,19250000
Mike Trout,2018,33250000
Mike Trout,2019,36000000
Mike Trout,2020,13433333
Mike Trout,2021,35500000
Mike Trout,2022,35550000
Mike Trout,2023,35450000
Mike Trout,2024,35450000
Mike Trout,2025,35450000
Mike Trout,2026,35450000
Mike Trout,2027,35450000
Mike Trout,2028,35450000
Mike Trout,2029,35450000
Mike Trout,2030,35450000
Mike Zunino,2013,297213
Mike Zunino,2014,504100
Mike Zunino,2015,417655
Mike Zunino,2016,507500
Mike Zunino,2017,570000
Mike Zunino,2018,2975000
Mike Zunino,2019,4447500
Mike Zunino,2020,1666667
Mike Zunino,2021,2000000
Mike Zunino,2022,7000000
Mike Zunino,2023,6000000
Mikie Mahtook,2015,152527
Mikie Mahtook,2016,349875
Mikie Mahtook,2017,541300
Mikie Mahtook,2018,292261
Mikie Mahtook,2019,43246
Mitch Keller,2019,167104
Mitch Keller,2020,213889
Mitch Keller,2021,429594
Mitch Keller,2022,977104
Mitch Keller,2023,2437500
Mitch Keller,2024,7500000
Mitch Keller,2025,15000000
Mitch Keller,2026,16500000
Mitch Keller,2027,18000000
Mitch Keller,2028,20000000
Nathan Eovaldi,2011,119901
Nathan Eovaldi,2012,480000
Nathan Eovaldi,2013,502000
Nathan Eovaldi,2014,517000
Nathan Eovaldi,2015,3300000
Nathan Eovaldi,2016,5600000
Nathan Eovaldi,2017,2000000
Nathan Eovaldi,2018,2000000
Nathan Eovaldi,2019,17000000
Nathan Eovaldi,2020,6296296
Nathan Eovaldi,2021,17000000
Nathan Eovaldi,2022,17000000
Nathan Eovaldi,2023,19600000
Nathan Eovaldi,2024,19000000
Nathan Eovaldi,2025,30100000
Nathan Eovaldi,2026,25000000
Nathan Eovaldi,2027,20000000
Neftali Feliz,2009,100000
Neftali Feliz,2010,402000
Neftali Feliz,2011,457160
Neftali Feliz,2012,502000
Neftali Feliz,2013,2900000
Neftali Feliz,2014,3000000
Neftali Feliz,2015,2402431
Neftali Feliz,2016,4080000
Neftali Feliz,2017,5554610
Neftali Feliz,2021,52139
Neil Walker,2009,400000
Neil Walker,2011,437000
Neil Walker,2012,500000
Neil Walker,2013,3300000
Neil Walker,2014,5750000
Neil Walker,2015,8000000
Neil Walker,2016,10550000
Neil Walker,2017,17200000
Neil Walker,2018,4000000
Neil Walker,2019,2000000
Neil Walker,2020,281928
Nicholas Castellanos,2013,80327
Nicholas Castellanos,2014,500000
Nicholas Castellanos,2015,525000
Nicholas Castellanos,2016,536500
Nicholas Castellanos,2017,3000000
Nicholas Castellanos,2018,6050000
Nicholas Castellanos,2019,9950000
Nicholas Castellanos,2020,5925926
Nicholas Castellanos,2021,13924496
Nicholas Castellanos,2022,20000000
Nicholas Castellanos,2023,20000000
Nicholas Castellanos,2024,20000000
Nicholas Castellanos,2025,20000000
Nicholas Castellanos,2026,20000000
Nicholas Kingham,2018,263700
Nicholas Kingham,2019,321195
Nick Blackburn,2008,390000
Nick Blackburn,2009,440000
Nick Blackburn,2010,750000
Nick Blackburn,2011,3000000
Nick Blackburn,2012,4750000
Nick Blackburn,2013,5500000
Nick Castellanos,2013,80327
Nick Castellanos,2014,500000
Nick Castellanos,2015,525000
Nick Castellanos,2016,536500
Nick Castellanos,2017,3000000
Nick Castellanos,2018,6050000
Nick Castellanos,2019,9950000
Nick Castellanos,2020,5925926
Nick Castellanos,2021,13924496
Nick Castellanos,2022,20000000
Nick Castellanos,2023,20000000
Nick Castellanos,2024,20000000
Nick Castellanos,2025,20000000
Nick Castellanos,2026,20000000
Nick Franklin,2013,337377
Nick Franklin,2014,845710
Nick Franklin,2015,298722
Nick Franklin,2016,191337
Nick Franklin,2017,333222
Nick Franklin,2018,427780
Nick Gordon,2019,555000
Nick Gordon,2020,208705
Nick Gordon,2021,404844
Nick Gordon,2022,924731
Nick Gordon,2023,735400
Nick Gordon,2024,900000
Nick Hagadone,2011,414000
Nick Hagadone,2012,480000
Nick Hagadone,2013,258150
Nick Hagadone,2014,267759
Nick Hagadone,2015,517100
Nick Kingham,2018,263700
Nick Kingham,2019,321195
Nick Markakis,2006,327000
Nick Markakis,2007,400000
Nick Markakis,2008,455000
Nick Markakis,2009,5100000
Nick Markakis,2010,6750000
Nick Markakis,2011,10325000
Nick Markakis,2012,12000000
Nick Markakis,2013,15000000
Nick Markakis,2014,15000000
Nick Markakis,2015,14500000
Nick Markakis,2016,10525000
Nick Markakis,2017,10500000
Nick Markakis,2018,10550000
Nick Markakis,2019,6000000
Nick Markakis,2020,1481481
Nick Senzel,2019,447600
Nick Senzel,2020,211111
Nick Senzel,2022,1250000
Nick Senzel,2023,1950000
Nick Senzel,2024,1856754
Nick Swisher,2005,316500
Nick Swisher,2006,335000
Nick Swisher,2007,1200000
Nick Swisher,2008,3500000
Nick Swisher,2009,5300000
Nick Swisher,2010,6750000
Nick Swisher,2011,9000000
Nick Swisher,2012,10250000
Nick Swisher,2013,11000000
Nick Swisher,2014,15000000
Nick Swisher,2015,15000000
Nick Swisher,2016,15000000
Nick Williams,2017,535000
Nick Williams,2018,553000
Nick Williams,2019,333828
Nick Williams,2021,33873
Noah Syndergaard,2015,410437
Noah Syndergaard,2016,535375
Noah Syndergaard,2017,605500
Noah Syndergaard,2018,2975000
Noah Syndergaard,2019,6000000
Noah Syndergaard,2020,3592592
Noah Syndergaard,2021,9700000
Noah Syndergaard,2022,21000000
Noah Syndergaard,2023,13000000
Noel Arguelles,2010,1380000
Noel Arguelles,2011,1380000
Noel Arguelles,2012,1380000
Noel Arguelles,2013,1380000
Noel Arguelles,2014,1380000
Nolan Arenado,2013,415027
Nolan Arenado,2014,500000
Nolan Arenado,2015,512500
Nolan Arenado,2016,5000000
Nolan Arenado,2017,11750000
Nolan Arenado,2018,17272850
Nolan Arenado,2019,26050000
Nolan Arenado,2020,12987963
Nolan Arenado,2021,15050000
Nolan Arenado,2022,31075000
Nolan Arenado,2023,31025000
Nolan Arenado,2024,31000000
Nolan Arenado,2025,28000000
Nolan Arenado,2026,23000000
Nolan Arenado,2027,17000000
Nolan Arenado,2028,2000000
Nolan Arenado,2029,2000000
Nolan Arenado,2030,2000000
Nolan Arenado,2031,2000000
Nolan Arenado,2032,3000000
Nolan Arenado,2033,3000000
Nolan Arenado,2034,3000000
Nolan Arenado,2035,3000000
Nolan Arenado,2036,3000000
Nolan Arenado,2037,3000000
Nolan Arenado,2038,3000000
Nolan Arenado,2039,3000000
Nolan Arenado,2040,3000000
Nolan Arenado,2041,3000000
Nolan Reimold,2010,400000
Nolan Reimold,2011,414000
Nolan Reimold,2012,490500
Nolan Reimold,2013,1000000
Nolan Reimold,2014,1250000
Nolan Reimold,2015,288415
Nolan Reimold,2016,1300000
Nomar Mazara,2016,507500
Nomar Mazara,2017,546450
Nomar Mazara,2018,563560
Nomar Mazara,2019,3300000
Nomar Mazara,2020,2059259
Nomar Mazara,2021,1750000
Nomar Mazara,2022,307680
Orlando Arcia,2016,171926
Orlando Arcia,2017,538100
Orlando Arcia,2018,472413
Orlando Arcia,2019,565700
Orlando Arcia,2020,814815
Orlando Arcia,2021,1043041
Orlando Arcia,2022,1600000
Orlando Arcia,2023,2300000
Orlando Arcia,2024,2000000
Orlando Arcia,2025,3429244
Orlando Arcia,2026,180468
Oscar Taveras,2014,500000
Ozzie Albies,2017,181226
Ozzie Albies,2018,555000
Ozzie Albies,2019,1000000
Ozzie Albies,2020,370370
Ozzie Albies,2021,3000000
Ozzie Albies,2022,5000000
Ozzie Albies,2023,7000000
Ozzie Albies,2024,7000000
Ozzie Albies,2025,7000000
Ozzie Albies,2026,7000000
Patrick Corbin,2012,275415
Patrick Corbin,2013,494000
Patrick Corbin,2014,515000
Patrick Corbin,2015,524000
Patrick Corbin,2016,2525000
Patrick Corbin,2017,3950000
Patrick Corbin,2018,7500000
Patrick Corbin,2019,15000000
Patrick Corbin,2020,7037037
Patrick Corbin,2021,24000000
Patrick Corbin,2022,23000000
Patrick Corbin,2023,24000000
Patrick Corbin,2024,25000000
Patrick Corbin,2025,12500000
Patrick Corbin,2026,946524
Pedro Alvarez,2009,6400000
Pedro Alvarez,2010,500000
Pedro Alvarez,2011,550000
Pedro Alvarez,2012,700000
Pedro Alvarez,2013,700000
Pedro Alvarez,2014,4250000
Pedro Alvarez,2015,5750000
Pedro Alvarez,2016,5950000
Pedro Alvarez,2017,2000000
Pedro Alvarez,2018,1000000
Pedro Beato,2011,414000
Pedro Beato,2012,487500
Pedro Beato,2013,487500
Pedro Beato,2014,302459
Pedro Beato,2017,52614
Peter Bourjos,2010,400000
Peter Bourjos,2011,414000
Peter Bourjos,2012,500000
Peter Bourjos,2013,512500
Peter Bourjos,2014,1200000
Peter Bourjos,2015,1650000
Peter Bourjos,2016,2000000
Peter Bourjos,2017,1350000
Peter Bourjos,2018,1090830
Peter Bourjos,2019,215040
Phil Hughes,2007,380000
Phil Hughes,2008,406350
Phil Hughes,2009,407650
Phil Hughes,2010,447000
Phil Hughes,2011,2700000
Phil Hughes,2012,3200000
Phil Hughes,2013,7150000
Phil Hughes,2014,8500000
Phil Hughes,2015,9200000
Phil Hughes,2016,9200000
Phil Hughes,2017,13200000
Phil Hughes,2018,13200000
Phil Hughes,2019,13200000
Phillippe Aumont,2007,1900000
Phillippe Aumont,2013,182076
Phillippe Aumont,2014,35519
Prince Fielder,2005,190279
Prince Fielder,2006,329500
Prince Fielder,2007,415000
Prince Fielder,2008,670000
Prince Fielder,2009,7500000
Prince Fielder,2010,10500000
Prince Fielder,2011,15500000
Prince Fielder,2012,23150000
Prince Fielder,2013,23050000
Prince Fielder,2014,24000000
Prince Fielder,2015,24050000
Prince Fielder,2016,24000000
Prince Fielder,2017,15000000
Prince Fielder,2018,15000000
Prince Fielder,2019,15000000
Prince Fielder,2020,15000000
Radhames Liz,2009,402500
Radhames Liz,2010,422500
Radhames Liz,2015,355191
Rafael Devers,2017,535000
Rafael Devers,2018,564500
Rafael Devers,2019,614500
Rafael Devers,2020,256481
Rafael Devers,2021,4575000
Rafael Devers,2022,11200000
Rafael Devers,2023,22500000
Rafael Devers,2024,25000000
Rafael Devers,2025,32418414
Rafael Devers,2026,25000000
Rafael Devers,2027,23500000
Rafael Devers,2028,23500000
Rafael Devers,2029,23500000
Rafael Devers,2030,23500000
Rafael Devers,2031,21500000
Rafael Devers,2032,21500000
Rafael Devers,2033,21500000
Rafael Devers,2034,7500000
Rafael Devers,2035,7499999
Rafael Devers,2036,7500000
Rafael Devers,2037,7500000
Rafael Devers,2038,7500000
Rafael Devers,2039,7500000
Rafael Devers,2040,7500000
Rafael Devers,2041,7500000
Rafael Devers,2042,7500000
Rafael Devers,2043,7500000
Rafael Montero,2014,136612
Rafael Montero,2015,477491
Rafael Montero,2016,108147
Rafael Montero,2017,440742
Rafael Montero,2018,558025
Rafael Montero,2019,208880
Rafael Montero,2020,290741
Rafael Montero,2021,2250000
Rafael Montero,2022,2725000
Rafael Montero,2023,11900000
Rafael Montero,2024,11500000
Rafael Montero,2025,9654183
Rafael Soriano,2004,335000
Rafael Soriano,2005,340000
Rafael Soriano,2006,470000
Rafael Soriano,2007,1200000
Rafael Soriano,2008,2900000
Rafael Soriano,2009,6100000
Rafael Soriano,2010,7500000
Rafael Soriano,2011,10000000
Rafael Soriano,2012,11000000
Rafael Soriano,2013,8500000
Rafael Soriano,2014,7000000
Rafael Soriano,2015,4100000
Rafael Soriano,2018,2000000
Rafael Soriano,2019,2000000
Rafael Soriano,2020,2000000
Rafael Soriano,2021,2000000
Rafael Soriano,2022,2000000
Rafael Soriano,2023,2000000
Rafael Soriano,2024,2000000
Randall Delgado,2012,480000
Randall Delgado,2013,292131
Randall Delgado,2014,510000
Randall Delgado,2015,526000
Randall Delgado,2016,1275000
Randall Delgado,2017,1775000
Randall Delgado,2018,2293950
Reese McGuire,2018,73250
Reese McGuire,2019,193960
Reese McGuire,2020,138512
Reese McGuire,2021,463117
Reese McGuire,2022,722358
Reese McGuire,2023,1225000
Reese McGuire,2024,1500000
Reese McGuire,2025,1024194
Reese McGuire,2026,1200000
Reid Brignac,2013,499000
Reid Brignac,2015,63784
Reid Brignac,2016,507500
Reynaldo López,2016,116466
Reynaldo López,2017,151996
Reynaldo López,2018,555000
Reynaldo López,2019,580000
Reynaldo López,2020,200640
Reynaldo López,2021,2100000
Reynaldo López,2022,2625000
Reynaldo López,2023,3625000
Reynaldo López,2024,4000000
Reynaldo López,2025,8000000
Reynaldo López,2026,14000000
Reynaldo López,2027,8000000
Rich Harden,2004,306000
Rich Harden,2005,750000
Rich Harden,2006,1250000
Rich Harden,2007,2250000
Rich Harden,2008,4750000
Rich Harden,2009,7000000
Rich Harden,2010,6500000
Rich Harden,2011,1500000
Rickie Weeks,2003,820000
Rickie Weeks,2004,2720000
Rickie Weeks,2005,1120000
Rickie Weeks,2006,1220000
Rickie Weeks,2007,1320000
Rickie Weeks,2008,1057000
Rickie Weeks,2009,2450000
Rickie Weeks,2010,2750000
Rickie Weeks,2011,7500000
Rickie Weeks,2012,10000000
Rickie Weeks,2013,10000000
Rickie Weeks,2014,11000000
Rickie Weeks,2015,3000000
Rickie Weeks,2016,1500000
Rickie Weeks,2017,1500000
Rick Porcello,2007,3960000
Rick Porcello,2008,1100000
Rick Porcello,2009,1200000
Rick Porcello,2010,1025000
Rick Porcello,2011,1536000
Rick Porcello,2012,3100000
Rick Porcello,2013,5100000
Rick Porcello,2014,8500000
Rick Porcello,2015,12500000
Rick Porcello,2016,20500000
Rick Porcello,2017,20000000
Rick Porcello,2018,21000000
Rick Porcello,2019,21000000
Rick Porcello,2020,10000000
Ricky Romero,2009,400000
Ricky Romero,2010,408300
Ricky Romero,2011,1000000
Ricky Romero,2012,5250000
Ricky Romero,2013,7750000
Ricky Romero,2014,7750000
Ricky Romero,2015,7750000
Ricky Romero,2016,600000
Riley Pint,2023,23226
Riley Pint,2024,55692
Robbie Erlin,2013,144590
Robbie Erlin,2014,471418
Robbie Erlin,2015,55464
Robbie Erlin,2016,516400
Robbie Erlin,2017,545500
Robbie Erlin,2018,650000
Robbie Erlin,2019,1450000
Robbie Erlin,2020,373140
Robbie Erlin,2022,15385
Robert Stephenson,2016,99828
Robert Stephenson,2017,377067
Robert Stephenson,2018,158220
Robert Stephenson,2019,565000
Robert Stephenson,2020,219259
Robert Stephenson,2021,805000
Robert Stephenson,2022,1280000
Robert Stephenson,2023,1750000
Robert Stephenson,2024,11000000
Robert Stephenson,2025,11000000
Robert Stephenson,2026,11000000
Robert Stephenson,2027,2500000
Rocco Baldelli,2003,300000
Rocco Baldelli,2004,320000
Rocco Baldelli,2005,396000
Rocco Baldelli,2006,2000000
Rocco Baldelli,2007,750000
Rocco Baldelli,2008,2250000
Rocco Baldelli,2009,6250000
Roman Quinn,2016,63779
Roman Quinn,2018,193380
Roman Quinn,2019,559000
Roman Quinn,2020,210741
Roman Quinn,2021,578000
Roman Quinn,2022,430752
Ronald Guzman,2017,535000
Ronald Guzman,2018,501030
Ronald Guzman,2019,447052
Ronald Guzman,2020,126750
Ronald Guzman,2021,606000
Ronald Guzman,2022,11538
Ronny Cedeno,2006,336000
Ronny Cedeno,2007,400000
Ronny Cedeno,2008,407000
Ronny Cedeno,2009,822500
Ronny Cedeno,2010,1125000
Ronny Cedeno,2011,1850000
Ronny Cedeno,2012,1350000
Ronny Cedeno,2013,1148054
Rosell Herrera,2018,386760
Rosell Herrera,2019,249913
Ross Detwiler,2007,2745000
Ross Detwiler,2008,390000
Ross Detwiler,2009,400000
Ross Detwiler,2010,400000
Ross Detwiler,2011,414000
Ross Detwiler,2012,485000
Ross Detwiler,2013,2337500
Ross Detwiler,2014,3000000
Ross Detwiler,2015,221857
Ross Detwiler,2016,1000000
Ross Detwiler,2018,2930
Ross Detwiler,2019,280496
Ross Detwiler,2020,370370
Ross Detwiler,2021,789473
Ross Detwiler,2022,415368
Rougned Odor,2014,393442
Rougned Odor,2015,415572
Rougned Odor,2016,522700
Rougned Odor,2017,3000000
Rougned Odor,2018,3000000
Rougned Odor,2019,7500000
Rougned Odor,2020,3333333
Rougned Odor,2021,24000000
Rougned Odor,2022,15700000
Rougned Odor,2023,477411
Roy Oswalt,2002,300000
Roy Oswalt,2003,500000
Roy Oswalt,2004,3250000
Roy Oswalt,2005,5900000
Roy Oswalt,2006,11000000
Roy Oswalt,2007,13000000
Roy Oswalt,2008,13000000
Roy Oswalt,2009,14000000
Roy Oswalt,2010,15000000
Roy Oswalt,2011,16000000
Roy Oswalt,2012,7000000
Roy Oswalt,2013,1707103
Russell Martin,2007,387500
Russell Martin,2008,500000
Russell Martin,2009,3900000
Russell Martin,2010,5050000
Russell Martin,2011,4075000
Russell Martin,2012,7500000
Russell Martin,2013,8500000
Russell Martin,2014,8500000
Russell Martin,2015,7000000
Russell Martin,2016,15000000
Russell Martin,2017,20000000
Russell Martin,2018,20000000
Russell Martin,2019,20000000
Ryan Anderson,2017,2477526
Ryan Anderson,2018,707033
Ryan Anderson,2019,949066
Ryan Anderson,2020,1191099
Ryan Anderson,2021,137500
Ryan Braun,2007,380000
Ryan Braun,2008,2755000
Ryan Braun,2009,745000
Ryan Braun,2010,1000000
Ryan Braun,2011,4000000
Ryan Braun,2012,8500000
Ryan Braun,2013,11000000
Ryan Braun,2014,12500000
Ryan Braun,2015,14500000
Ryan Braun,2016,19000000
Ryan Braun,2017,19000000
Ryan Braun,2018,19000000
Ryan Braun,2019,18000000
Ryan Braun,2020,5555556
Ryan Braun,2021,4000000
Ryan Braun,2022,1800000
Ryan Braun,2023,1800000
Ryan Braun,2024,1800000
Ryan Braun,2025,1800000
Ryan Braun,2026,1800000
Ryan Braun,2027,1800000
Ryan Braun,2028,1800000
Ryan Braun,2029,1800000
Ryan Braun,2030,1800000
Ryan Braun,2031,1800000
Ryan Howard,2005,186780
Ryan Howard,2006,355000
Ryan Howard,2007,900000
Ryan Howard,2008,10000000
Ryan Howard,2009,15050000
Ryan Howard,2010,19050000
Ryan Howard,2011,20000000
Ryan Howard,2012,20000000
Ryan Howard,2013,20000000
Ryan Howard,2014,25000000
Ryan Howard,2015,25000000
Ryan Howard,2016,25000000
Ryan Howard,2017,10000000
Ryan Kalish,2016,507500
Ryan Lavarnway,2011,93263
Ryan Lavarnway,2012,480000
Ryan Lavarnway,2013,289426
Ryan Lavarnway,2014,253606
Ryan Lavarnway,2015,596611
Ryan Lavarnway,2017,35076
Ryan Lavarnway,2018,79110
Ryan Lavarnway,2019,29840
Ryan Lavarnway,2020,57222
Ryan Lavarnway,2021,58273
Ryan McMahon,2017,111074
Ryan McMahon,2018,361743
Ryan McMahon,2019,560000
Ryan McMahon,2020,212407
Ryan McMahon,2021,2375000
Ryan McMahon,2022,5000000
Ryan McMahon,2023,9000000
Ryan McMahon,2024,12000000
Ryan McMahon,2025,12000000
Ryan McMahon,2026,16000000
Ryan McMahon,2027,16000000
Ryan Sweeney,2007,380000
Ryan Sweeney,2008,395000
Ryan Sweeney,2009,410000
Ryan Sweeney,2010,420000
Ryan Sweeney,2011,1400000
Ryan Sweeney,2012,1750000
Ryan Sweeney,2013,398961
Ryan Sweeney,2014,1500000
Ryan Sweeney,2015,1500000
Ryan Sweeney,2016,500000
Ryan Zimmerman,2006,327000
Ryan Zimmerman,2007,400000
Ryan Zimmerman,2008,465000
Ryan Zimmerman,2009,4025000
Ryan Zimmerman,2010,6425000
Ryan Zimmerman,2011,8925000
Ryan Zimmerman,2012,12175000
Ryan Zimmerman,2013,14175000
Ryan Zimmerman,2014,14000000
Ryan Zimmerman,2015,14000000
Ryan Zimmerman,2016,14000000
Ryan Zimmerman,2017,14000000
Ryan Zimmerman,2018,14000000
Ryan Zimmerman,2019,20000000
Ryan Zimmerman,2021,1000000
Rymer Liriano,2014,133879
Rymer Liriano,2016,508500
Rymer Liriano,2017,87690
Sammy Solis,2015,146980
Sammy Solis,2016,507500
Sammy Solis,2017,480102
Sammy Solis,2018,403608
Sammy Solis,2019,137096
Scott Elbert,2014,575000
Scott Hairston,2005,316000
Scott Hairston,2006,327000
Scott Hairston,2007,389000
Scott Hairston,2008,406000
Scott Hairston,2009,1250000
Scott Hairston,2010,2450000
Scott Hairston,2011,1100000
Scott Hairston,2012,1100000
Scott Hairston,2013,2500000
Scott Hairston,2014,3000000
Scott Kazmir,2005,316000
Scott Kazmir,2006,371700
Scott Kazmir,2007,424300
Scott Kazmir,2008,3785000
Scott Kazmir,2009,6000000
Scott Kazmir,2010,8000000
Scott Kazmir,2011,12000000
Scott Kazmir,2013,2750000
Scott Kazmir,2014,11050000
Scott Kazmir,2015,13000000
Scott Kazmir,2016,8000000
Scott Kazmir,2017,8000000
Scott Kazmir,2018,16000000
Scott Kazmir,2019,8000000
Scott Kazmir,2020,8000000
Scott Kazmir,2021,8080650
Scott Olsen,2005,316000
Scott Olsen,2006,327000
Scott Olsen,2007,380000
Scott Olsen,2008,405000
Scott Olsen,2009,2800000
Scott Olsen,2010,1000000
Scott Olsen,2011,450000
Scott Olsen,2012,100000
Sean Burnett,2005,321000
Sean Burnett,2006,327000
Sean Burnett,2007,380000
Sean Burnett,2009,408500
Sean Burnett,2010,775000
Sean Burnett,2011,1400000
Sean Burnett,2012,2300000
Sean Burnett,2013,4000000
Sean Burnett,2014,3750000
Sean Burnett,2015,500000
Sean Burnett,2016,1335963
Sean Burroughs,2002,200000
Sean Burroughs,2003,302000
Sean Burroughs,2004,340000
Sean Burroughs,2005,1675000
Sean Burroughs,2006,1500000
Sean Burroughs,2012,80327
Sean Manaea,2016,435361
Sean Manaea,2017,537500
Sean Manaea,2018,550000
Sean Manaea,2019,3150000
Sean Manaea,2020,1388889
Sean Manaea,2021,5950000
Sean Manaea,2022,9750000
Sean Manaea,2023,12500000
Sean Manaea,2024,14500000
Sean Manaea,2025,17250000
Sean Manaea,2026,17250000
Sean Manaea,2027,17250000
Sean Manaea,2035,2325000
Sean Manaea,2036,2325000
Sean Manaea,2037,2325000
Sean Manaea,2038,2325000
Sean Manaea,2039,2325000
Sean Manaea,2040,2325000
Sean Manaea,2041,2325000
Sean Manaea,2042,2325000
Sean Manaea,2043,2325000
Sean Manaea,2044,2325000
Sean Newcomb,2017,535000
Sean Newcomb,2018,555000
Sean Newcomb,2019,513106
Sean Newcomb,2020,65620
Sean Newcomb,2021,409956
Sean Newcomb,2022,561822
Sean Newcomb,2023,150969
Sean Newcomb,2024,1000000
Sean Newcomb,2025,1000000
Sean Newcomb,2026,4500000
Sean Reid-Foley,2018,108410
Sean Reid-Foley,2019,107424
Sean Reid-Foley,2020,37992
Sean Reid-Foley,2021,417112
Sean Reid-Foley,2022,717500
Sean Reid-Foley,2023,150969
Sean Reid-Foley,2024,772750
Sean Reid-Foley,2025,386875
Sergio Santos,2015,1068920
Shelby Miller,2012,480000
Shelby Miller,2013,490000
Shelby Miller,2014,521000
Shelby Miller,2015,535000
Shelby Miller,2016,4350000
Shelby Miller,2017,4700000
Shelby Miller,2018,4900000
Shelby Miller,2019,2000000
Shelby Miller,2020,370370
Shelby Miller,2021,361568
Shelby Miller,2022,49998
Shelby Miller,2023,1500000
Shelby Miller,2024,3350000
Shelby Miller,2025,999980
Shin-Soo Choo,2007,383100
Shin-Soo Choo,2008,390400
Shin-Soo Choo,2009,420300
Shin-Soo Choo,2010,461100
Shin-Soo Choo,2011,3975000
Shin-Soo Choo,2012,4900000
Shin-Soo Choo,2013,10875000
Shin-Soo Choo,2014,14000000
Shin-Soo Choo,2015,14000000
Shin-Soo Choo,2016,20000000
Shin-Soo Choo,2017,20000000
Shin-Soo Choo,2018,20100000
Shin-Soo Choo,2019,21000000
Shin-Soo Choo,2020,7777778
Simon Castro,2015,116475
Simon Castro,2017,535000
Sonny Gray,2013,163333
Sonny Gray,2014,502500
Sonny Gray,2015,512500
Sonny Gray,2016,527500
Sonny Gray,2017,3575000
Sonny Gray,2018,6500000
Sonny Gray,2019,8300000
Sonny Gray,2020,3999963
Sonny Gray,2021,10700000
Sonny Gray,2022,11700000
Sonny Gray,2023,13300000
Sonny Gray,2024,10000000
Sonny Gray,2025,25000000
Sonny Gray,2026,31000000
Sonny Gray,2027,1000000
Starlin Castro,2010,327472
Starlin Castro,2011,440000
Starlin Castro,2012,567000
Starlin Castro,2013,11000000
Starlin Castro,2014,5000000
Starlin Castro,2015,6000000
Starlin Castro,2016,7000000
Starlin Castro,2017,9000000
Starlin Castro,2018,10000000
Starlin Castro,2019,12000000
Starlin Castro,2020,2222222
Starlin Castro,2021,2580640
Starling Marte,2012,183610
Starling Marte,2013,500000
Starling Marte,2014,2500000
Starling Marte,2015,1000000
Starling Marte,2016,3000000
Starling Marte,2017,2814207
Starling Marte,2018,7500000
Starling Marte,2019,10000000
Starling Marte,2020,4259259
Starling Marte,2021,12500000
Starling Marte,2022,17000000
Starling Marte,2023,22000000
Starling Marte,2024,19500000
Starling Marte,2025,19500000
Starling Marte,2026,1000000
Stephen Drew,2005,4300000
Stephen Drew,2006,300000
Stephen Drew,2007,1500000
Stephen Drew,2008,1500000
Stephen Drew,2009,3500000
Stephen Drew,2010,3400000
Stephen Drew,2011,4650000
Stephen Drew,2012,7750000
Stephen Drew,2013,11350000
Stephen Drew,2014,10093443
Stephen Drew,2015,5000000
Stephen Drew,2016,3000000
Stephen Drew,2017,3500000
Stephen Piscotty,2015,210765
Stephen Piscotty,2016,512500
Stephen Piscotty,2017,3000000
Stephen Piscotty,2018,1000000
Stephen Piscotty,2019,7000000
Stephen Piscotty,2020,2592592
Stephen Piscotty,2021,7250000
Stephen Piscotty,2022,8250000
Stephen Strasburg,2009,7900000
Stephen Strasburg,2010,2000000
Stephen Strasburg,2011,2500000
Stephen Strasburg,2012,3000000
Stephen Strasburg,2013,3900000
Stephen Strasburg,2014,3975000
Stephen Strasburg,2015,7400000
Stephen Strasburg,2016,20400000
Stephen Strasburg,2017,15000000
Stephen Strasburg,2018,15000000
Stephen Strasburg,2019,6000000
Stephen Strasburg,2020,18730000
Stephen Strasburg,2021,33571000
Stephen Strasburg,2022,33571000
Stephen Strasburg,2023,23571000
Stephen Strasburg,2024,23571000
Stephen Strasburg,2025,23571000
Stephen Strasburg,2026,23571000
Steven Matz,2015,274549
Steven Matz,2016,515750
Steven Matz,2017,562250
Steven Matz,2018,577000
Steven Matz,2019,2625000
Steven Matz,2020,1888889
Steven Matz,2021,5200000
Steven Matz,2022,10000000
Steven Matz,2023,10000000
Steven Matz,2024,12000000
Steven Matz,2025,12500000
Steven Matz,2026,7500000
Steven Matz,2027,7500000
Steven Moya,2016,210748
Steven Moya,2017,58460
Steve Pearce,2019,6250000
Tadahito Iguchi,2005,2300000
Tadahito Iguchi,2006,2400000
Tadahito Iguchi,2007,3250000
Tadahito Iguchi,2008,3850000
Taijuan Walker,2013,205800
Taijuan Walker,2014,304734
Taijuan Walker,2015,513100
Taijuan Walker,2016,485352
Taijuan Walker,2017,2250000
Taijuan Walker,2018,4825000
Taijuan Walker,2019,5025000
Taijuan Walker,2020,1111111
Taijuan Walker,2021,10000000
Taijuan Walker,2022,10000000
Taijuan Walker,2023,18000000
Taijuan Walker,2024,18000000
Taijuan Walker,2025,18000000
Taijuan Walker,2026,18000000
Tanner Scheppers,2012,480000
Tanner Scheppers,2013,493600
Tanner Scheppers,2014,515179
Tanner Scheppers,2015,405403
Tanner Scheppers,2016,900000
Tanner Scheppers,2017,975000
Taylor Buchholz,2005,316000
Taylor Buchholz,2006,327000
Taylor Buchholz,2007,383000
Taylor Buchholz,2008,383000
Taylor Buchholz,2009,1055000
Taylor Buchholz,2010,1055000
Taylor Buchholz,2011,600000
Taylor Guerrieri,2018,87900
Taylor Guerrieri,2019,226784
Taylor Teagarden,2009,401000
Taylor Teagarden,2010,407010
Taylor Teagarden,2011,416790
Taylor Teagarden,2012,489500
Taylor Teagarden,2013,650000
Taylor Teagarden,2014,209972
Taylor Teagarden,2015,80423
Tim Anderson,2016,318895
Tim Anderson,2017,850000
Tim Anderson,2018,1000000
Tim Anderson,2019,1400000
Tim Anderson,2020,1481481
Tim Anderson,2021,7250000
Tim Anderson,2022,9448925
Tim Anderson,2023,12096776
Tim Anderson,2024,6000000
Tim Anderson,2025,1250000
Tim Beckham,2013,34808
Tim Beckham,2014,191333
Tim Beckham,2015,410922
Tim Beckham,2016,401973
Tim Beckham,2017,885000
Tim Beckham,2018,3350000
Tim Beckham,2019,1047280
Tim Beckham,2022,153860
Tim Lincecum,2007,380000
Tim Lincecum,2008,405000
Tim Lincecum,2009,650000
Tim Lincecum,2010,10100000
Tim Lincecum,2011,13100000
Tim Lincecum,2012,18000000
Tim Lincecum,2013,22000000
Tim Lincecum,2014,17000000
Tim Lincecum,2015,18000000
Tim Lincecum,2016,2357923
Tim Lincecum,2018,1000000
Todd Frazier,2011,414000
Todd Frazier,2012,480000
Todd Frazier,2013,527500
Todd Frazier,2014,600000
Todd Frazier,2015,4500000
Todd Frazier,2016,7500000
Todd Frazier,2017,12000000
Todd Frazier,2018,8000000
Todd Frazier,2019,9000000
Todd Frazier,2020,2796296
Todd Frazier,2021,145170
Tom Gorzelanny,2006,327000
Tom Gorzelanny,2007,386000
Tom Gorzelanny,2008,419000
Tom Gorzelanny,2009,433000
Tom Gorzelanny,2010,800000
Tom Gorzelanny,2011,2100000
Tom Gorzelanny,2012,3000000
Tom Gorzelanny,2013,2900000
Tom Gorzelanny,2014,2800000
Tom Gorzelanny,2015,1000000
Tom Gorzelanny,2016,112880
Tommy Hanson,2013,3725000
Tommy Hanson,2014,122951
Tommy Joseph,2016,507500
Tommy Joseph,2017,543000
Tommy La Stella,2014,338797
Tommy La Stella,2015,114934
Tommy La Stella,2016,438957
Tommy La Stella,2017,347874
Tommy La Stella,2018,950000
Tommy La Stella,2019,1350000
Tommy La Stella,2020,1203704
Tommy La Stella,2021,2000000
Tommy La Stella,2022,5250000
Tommy La Stella,2023,10911614
Tony Cingrani,2012,480000
Tony Cingrani,2013,490000
Tony Cingrani,2014,232445
Tony Cingrani,2015,74661
Tony Cingrani,2016,530000
Tony Cingrani,2017,1825000
Tony Cingrani,2018,2300000
Tony Cingrani,2019,2650000
Tony Sanchez,2013,176721
Tony Sanchez,2014,213327
Tony Sanchez,2015,33967
Tony Sanchez,2016,16638
Tony Sanchez,2017,52614
Touki Toussaint,2018,90830
Touki Toussaint,2019,271544
Touki Toussaint,2020,105910
Touki Toussaint,2021,568325
Touki Toussaint,2022,945779
Touki Toussaint,2023,406455
Touki Toussaint,2024,1300000
Touki Toussaint,2025,26882
Travis Blackley,2013,575737
Travis Buck,2007,380000
Travis Buck,2008,400000
Travis Buck,2009,410000
Travis Buck,2010,410000
Travis Buck,2011,625000
Travis Buck,2012,580000
Travis d’Arnaud,2013,117814
Travis d’Arnaud,2014,457707
Travis d’Arnaud,2015,525424
Travis d’Arnaud,2016,542604
Travis d’Arnaud,2017,1875000
Travis d’Arnaud,2018,3475000
Travis d’Arnaud,2019,1289058
Travis d’Arnaud,2020,2962963
Travis d’Arnaud,2021,8000000
Travis d’Arnaud,2022,8000000
Travis d’Arnaud,2023,8000000
Travis d’Arnaud,2024,8000000
Travis d’Arnaud,2025,6000000
Travis d’Arnaud,2026,6000000
Travis Hafner,2003,302200
Travis Hafner,2004,316300
Travis Hafner,2005,500000
Travis Hafner,2006,2500000
Travis Hafner,2007,6300000
Travis Hafner,2008,8050000
Travis Hafner,2009,11500000
Travis Hafner,2010,11500000
Travis Hafner,2011,13000000
Travis Hafner,2012,13000000
Travis Hafner,2013,4750000
Travis Snider,2008,390000
Travis Snider,2009,401400
Travis Snider,2010,405800
Travis Snider,2011,435800
Travis Snider,2012,480000
Travis Snider,2013,505000
Travis Snider,2014,1200000
Travis Snider,2015,97062
Trea Turner,2015,122021
Trea Turner,2016,249570
Trea Turner,2017,554900
Trea Turner,2018,577200
Trea Turner,2019,3725000
Trea Turner,2020,2759259
Trea Turner,2021,13000000
Trea Turner,2022,21000000
Trea Turner,2023,27272727
Trea Turner,2024,27322727
Trea Turner,2025,27272727
Trea Turner,2026,27272727
Trea Turner,2027,27272727
Trea Turner,2028,27272727
Trea Turner,2029,27272727
Trea Turner,2030,27272727
Trea Turner,2031,27272727
Trea Turner,2032,27272727
Trea Turner,2033,27272730
Trent Grisham,2019,179040
Trent Grisham,2020,209926
Trent Grisham,2021,589200
Trent Grisham,2022,931000
Trent Grisham,2023,3175000
Trent Grisham,2024,5500000
Trent Grisham,2025,5250000
Trent Grisham,2026,22025000
Trevor Bauer,2011,900000
Trevor Bauer,2012,1183333
Trevor Bauer,2013,2175000
Trevor Bauer,2014,2425000
Trevor Bauer,2015,1940000
Trevor Bauer,2016,1697500
Trevor Bauer,2017,3550000
Trevor Bauer,2018,6525000
Trevor Bauer,2019,13000000
Trevor Bauer,2020,6481481
Trevor Bauer,2021,38000000
Trevor Bauer,2022,3868131
Trevor Bauer,2023,22537634
Trevor Cahill,2009,400000
Trevor Cahill,2010,410000
Trevor Cahill,2011,700000
Trevor Cahill,2012,3700000
Trevor Cahill,2013,5700000
Trevor Cahill,2014,7900000
Trevor Cahill,2015,12291516
Trevor Cahill,2016,4550000
Trevor Cahill,2017,1750000
Trevor Cahill,2018,1500000
Trevor Cahill,2019,9000000
Trevor Cahill,2020,740740
Trevor Cahill,2021,1500000
Trevor Crowe,2013,396284
Trevor Gott,2015,318920
Trevor Gott,2016,87420
Trevor Gott,2017,20461
Trevor Gott,2018,202912
Trevor Gott,2019,567500
Trevor Gott,2020,217963
Trevor Gott,2021,3763
Trevor Gott,2022,725000
Trevor Gott,2023,1200000
Trevor Gott,2024,1500000
Trevor May,2014,139344
Trevor May,2015,493278
Trevor May,2016,545000
Trevor May,2017,555000
Trevor May,2018,650000
Trevor May,2019,900000
Trevor May,2020,816667
Trevor May,2021,8000000
Trevor May,2022,7750000
Trevor May,2023,7125000
Trevor Rosenthal,2012,152134
Trevor Rosenthal,2013,490000
Trevor Rosenthal,2014,521000
Trevor Rosenthal,2015,535000
Trevor Rosenthal,2016,5600000
Trevor Rosenthal,2017,6400000
Trevor Rosenthal,2019,7071616
Trevor Rosenthal,2020,1149802
Trevor Rosenthal,2021,3000000
Trevor Rosenthal,2022,4879100
Trevor Rosenthal,2023,5000000
Trevor Story,2016,507500
Trevor Story,2017,540000
Trevor Story,2018,555000
Trevor Story,2019,5000000
Trevor Story,2020,4962963
Trevor Story,2021,17500000
Trevor Story,2022,20000000
Trevor Story,2023,20000000
Trevor Story,2024,22500000
Trevor Story,2025,22500000
Trevor Story,2026,25000000
Trevor Story,2027,25000000
Trevor Story,2028,5000000
Triston McKenzie,2020,115255
Triston McKenzie,2021,436113
Triston McKenzie,2022,1238252
Triston McKenzie,2023,739500
Triston McKenzie,2024,1600000
Triston McKenzie,2025,1950000
Troy Patton,2008,390000
Troy Patton,2009,400000
Troy Patton,2011,414000
Troy Patton,2012,483500
Troy Patton,2013,815000
Troy Patton,2014,1100820
Troy Tulowitzki,2006,68706
Troy Tulowitzki,2007,381000
Troy Tulowitzki,2008,750000
Troy Tulowitzki,2009,1000000
Troy Tulowitzki,2010,3600000
Troy Tulowitzki,2011,5575000
Troy Tulowitzki,2012,8275000
Troy Tulowitzki,2013,10025000
Troy Tulowitzki,2014,16025000
Troy Tulowitzki,2015,21999999
Troy Tulowitzki,2016,20000000
Troy Tulowitzki,2017,20000000
Troy Tulowitzki,2018,20000000
Troy Tulowitzki,2019,19999985
Troy Tulowitzki,2020,14000000
Troy Tulowitzki,2021,4000000
Tyler Austin,2016,141423
Tyler Austin,2017,80271
Tyler Austin,2018,420420
Tyler Austin,2019,468661
Tyler Austin,2026,1250000
Tyler Chatwood,2011,414000
Tyler Chatwood,2012,480000
Tyler Chatwood,2013,390928
Tyler Chatwood,2014,502000
Tyler Chatwood,2015,1000000
Tyler Chatwood,2016,1250000
Tyler Chatwood,2017,4400000
Tyler Chatwood,2018,12500000
Tyler Chatwood,2019,12500000
Tyler Chatwood,2020,4814815
Tyler Chatwood,2021,3036804
Tyler Colvin,2013,448087
Tyler Colvin,2014,2275500
Tyler Flowers,2010,400000
Tyler Flowers,2011,414000
Tyler Flowers,2012,483000
Tyler Flowers,2013,510000
Tyler Flowers,2014,950000
Tyler Flowers,2015,2675000
Tyler Flowers,2016,2400000
Tyler Flowers,2017,3600000
Tyler Flowers,2018,4300000
Tyler Flowers,2019,6000000
Tyler Flowers,2020,1481481
Tyler Glasnow,2016,80417
Tyler Glasnow,2017,541000
Tyler Glasnow,2018,552656
Tyler Glasnow,2019,566700
Tyler Glasnow,2020,759259
Tyler Glasnow,2021,4000000
Tyler Glasnow,2022,5100000
Tyler Glasnow,2023,5350000
Tyler Glasnow,2024,28000000
Tyler Glasnow,2025,30000000
Tyler Glasnow,2026,30000000
Tyler Glasnow,2027,30000000
Tyler Glasnow,2028,21562500
Tyler Jay,2024,26052
Tyler Matzek,2014,300546
Tyler Matzek,2015,89092
Tyler Matzek,2020,208703
Tyler Matzek,2021,600500
Tyler Matzek,2022,1400000
Tyler Matzek,2023,1200000
Tyler Matzek,2024,1900000
Tyler Matzek,2025,102151
Tyler Naquin,2016,451999
Tyler Naquin,2017,126526
Tyler Naquin,2018,558808
Tyler Naquin,2019,574800
Tyler Naquin,2020,537037
Tyler Naquin,2021,1500000
Tyler Naquin,2022,4025000
Tyler Naquin,2023,19355
Tyler O'Neill,2018,295930
Tyler O'Neill,2019,394160
Tyler O'Neill,2020,212370
Tyler O'Neill,2021,594700
Tyler O'Neill,2022,3400000
Tyler O'Neill,2023,4950000
Tyler O'Neill,2024,5850000
Tyler O'Neill,2025,16500000
Tyler O'Neill,2026,16500000
Tyler O'Neill,2027,16500000
Tyler Skaggs,2012,480000
Tyler Skaggs,2013,56229
Tyler Skaggs,2014,502250
Tyler Skaggs,2015,515000
Tyler Skaggs,2016,515000
Tyler Skaggs,2017,555000
Tyler Skaggs,2018,1875000
Tyler Skaggs,2019,3700000
Tyrell Jenkins,2016,227386
Ubaldo Jimenez,2006,327000
Ubaldo Jimenez,2007,381000
Ubaldo Jimenez,2008,392000
Ubaldo Jimenez,2009,850000
Ubaldo Jimenez,2010,1475000
Ubaldo Jimenez,2011,2800000
Ubaldo Jimenez,2012,4200000
Ubaldo Jimenez,2013,5750000
Ubaldo Jimenez,2014,11250000
Ubaldo Jimenez,2015,12650000
Ubaldo Jimenez,2016,13000000
Ubaldo Jimenez,2017,13500000
Vernon Wells,1999,2000000
Vernon Wells,2002,221000
Vernon Wells,2003,520000
Vernon Wells,2004,870000
Vernon Wells,2005,3070000
Vernon Wells,2006,4470000
Vernon Wells,2007,5770000
Vernon Wells,2008,9000000
Vernon Wells,2009,10000000
Vernon Wells,2010,21000000
Vernon Wells,2011,23000000
Vernon Wells,2012,21000000
Vernon Wells,2013,21000000
Vernon Wells,2014,21000000
Victor Martinez,2004,314500
Victor Martinez,2005,1500000
Victor Martinez,2006,800000
Victor Martinez,2007,3000000
Victor Martinez,2008,4250000
Victor Martinez,2009,6200000
Victor Martinez,2010,7700000
Victor Martinez,2011,12000000
Victor Martinez,2012,13000000
Victor Martinez,2013,13000000
Victor Martinez,2014,12000000
Victor Martinez,2015,14000000
Victor Martinez,2016,18000000
Victor Martinez,2017,18000000
Victor Martinez,2018,18000000
Victor Robles,2017,73075
Victor Robles,2018,79110
Victor Robles,2019,557800
Victor Robles,2020,219556
Victor Robles,2021,505053
Victor Robles,2022,1650000
Victor Robles,2023,2325000
Victor Robles,2024,2645964
Victor Robles,2025,4618281
Victor Robles,2026,4500000
Victor Robles,2027,500000
Vince Velasquez,2015,230177
Vince Velasquez,2016,516000
Vince Velasquez,2017,547000
Vince Velasquez,2018,559000
Vince Velasquez,2019,2249000
Vince Velasquez,2020,1333333
Vince Velasquez,2021,4049072
Vince Velasquez,2022,3000000
Vince Velasquez,2023,3150000
Vince Velasquez,2025,32258
Vince Velasquez,2026,26882
Vladimir Guerrero Jr.,2019,468488
Vladimir Guerrero Jr.,2020,214556
Vladimir Guerrero Jr.,2021,605400
Vladimir Guerrero Jr.,2022,7900000
Vladimir Guerrero Jr.,2023,14500000
Vladimir Guerrero Jr.,2024,19900000
Vladimir Guerrero Jr.,2025,48500000
Vladimir Guerrero Jr.,2026,30000000
Vladimir Guerrero Jr.,2027,31000000
Vladimir Guerrero Jr.,2028,32000000
Vladimir Guerrero Jr.,2029,33000000
Vladimir Guerrero Jr.,2030,34500000
Vladimir Guerrero Jr.,2031,34500000
Vladimir Guerrero Jr.,2032,34500000
Vladimir Guerrero Jr.,2033,34500000
Vladimir Guerrero Jr.,2034,34500000
Vladimir Guerrero Jr.,2035,34500000
Vladimir Guerrero Jr.,2036,34500000
Vladimir Guerrero Jr.,2037,36000000
Wade Davis,2009,400000
Wade Davis,2010,404900
Wade Davis,2011,1000000
Wade Davis,2012,1500000
Wade Davis,2013,2800000
Wade Davis,2014,4800000
Wade Davis,2015,7025000
Wade Davis,2016,8025000
Wade Davis,2017,10000000
Wade Davis,2018,16000000
Wade Davis,2019,18000000
Wade Davis,2020,6296296
Wade Davis,2021,2250000
Wilin Rosario,2012,480000
Wilin Rosario,2013,491000
Wilin Rosario,2014,502000
Wilin Rosario,2015,2800000
Willie Calhoun,2017,58460
Willie Calhoun,2018,158220
Willie Calhoun,2019,384936
Willie Calhoun,2020,213704
Willie Calhoun,2021,593000
Willie Calhoun,2022,1300000
Willie Calhoun,2023,572544
Willie Calhoun,2024,580608
Will Middlebrooks,2012,480000
Will Middlebrooks,2013,372819
Will Middlebrooks,2014,540500
Will Middlebrooks,2015,318983
Will Middlebrooks,2016,1200000
Will Middlebrooks,2017,90613
Willson Contreras,2016,299484
Willson Contreras,2017,544500
Willson Contreras,2018,604500
Willson Contreras,2019,684000
Willson Contreras,2020,1666667
Willson Contreras,2021,6650000
Willson Contreras,2022,9625000
Willson Contreras,2023,10000000
Willson Contreras,2024,18000000
Willson Contreras,2025,17419356
Willson Contreras,2026,18000000
Willson Contreras,2027,17000000
Willson Contreras,2028,7500000
Willy Adames,2018,272490
Willy Adames,2019,562400
Willy Adames,2020,214630
Willy Adames,2021,590000
Willy Adames,2022,4600000
Willy Adames,2023,8700000
Willy Adames,2024,12250000
Willy Adames,2025,21000000
Willy Adames,2026,21000000
Willy Adames,2027,28000000
Willy Adames,2028,28000000
Willy Adames,2029,28000000
Willy Adames,2030,28000000
Willy Adames,2031,28000000
Wilmer Flores,2013,147267
Wilmer Flores,2014,327868
Wilmer Flores,2015,513543
Wilmer Flores,2016,526014
Wilmer Flores,2017,2200000
Wilmer Flores,2018,3400000
Wilmer Flores,2019,4250000
Wilmer Flores,2020,1111111
Wilmer Flores,2021,3000000
Wilmer Flores,2022,3500000
Wilmer Flores,2023,6500000
Wilmer Flores,2024,6500000
Wilmer Flores,2025,3500000
Wil Myers,2013,278469
Wil Myers,2014,504200
Wil Myers,2015,519800
Wil Myers,2016,523900
Wil Myers,2017,17000000
Wil Myers,2018,2000000
Wil Myers,2019,3000000
Wil Myers,2020,7407407
Wil Myers,2021,20000000
Wil Myers,2022,21000000
Wil Myers,2023,7500000
Wil Myers,2024,1500000
Wilson Ramos,2010,400000
Wilson Ramos,2011,415000
Wilson Ramos,2012,491250
Wilson Ramos,2013,501250
Wilson Ramos,2014,2095000
Wilson Ramos,2015,3550000
Wilson Ramos,2016,5350000
Wilson Ramos,2017,4000000
Wilson Ramos,2018,10500000
Wilson Ramos,2019,8750000
Wilson Ramos,2020,5111926
Wilson Ramos,2021,2311808
Wily Peralta,2012,480000
Wily Peralta,2013,490000
Wily Peralta,2014,515000
Wily Peralta,2015,525500
Wily Peralta,2016,2800000
Wily Peralta,2017,4275000
Wily Peralta,2018,1500000
Wily Peralta,2019,2275000
Wily Peralta,2020,1000000
Wily Peralta,2021,1500000
Wily Peralta,2022,2311852
Xander Bogaerts,2013,112459
Xander Bogaerts,2014,517000
Xander Bogaerts,2015,543000
Xander Bogaerts,2016,650500
Xander Bogaerts,2017,4500000
Xander Bogaerts,2018,7050000
Xander Bogaerts,2019,12000000
Xander Bogaerts,2020,7407407
Xander Bogaerts,2021,20000000
Xander Bogaerts,2022,20000000
Xander Bogaerts,2023,30000000
Xander Bogaerts,2024,25000000
Xander Bogaerts,2025,25000000
Xander Bogaerts,2026,25000000
Xander Bogaerts,2027,25000000
Xander Bogaerts,2028,25000000
Xander Bogaerts,2029,25000000
Xander Bogaerts,2030,25000000
Xander Bogaerts,2031,25000000
Xander Bogaerts,2032,25000000
Xander Bogaerts,2033,25000000
Xavier Nady,2000,2850000
Xavier Nady,2001,1750000
Xavier Nady,2002,1750000
Xavier Nady,2003,1750000
Xavier Nady,2005,488000
Xavier Nady,2006,427000
Xavier Nady,2007,2150000
Xavier Nady,2008,3350000
Xavier Nady,2009,6550000
Xavier Nady,2010,3300000
Xavier Nady,2011,1750000
Xavier Nady,2012,546994
Xavier Nady,2014,775000
Yadier Álvarez,2019,555000
Yasmani Grandal,2010,3390000
Yasmani Grandal,2011,414000
Yasmani Grandal,2012,480000
Yasmani Grandal,2013,490000
Yasmani Grandal,2014,792000
Yasmani Grandal,2015,693000
Yasmani Grandal,2016,2800000
Yasmani Grandal,2017,5500000
Yasmani Grandal,2018,7900000
Yasmani Grandal,2019,18250000
Yasmani Grandal,2020,6759259
Yasmani Grandal,2021,18250000
Yasmani Grandal,2022,18250000
Yasmani Grandal,2023,18250000
Yasmani Grandal,2024,2500000
Yoán Moncada,2016,80417
Yoán Moncada,2017,219225
Yoán Moncada,2018,555000
Yoán Moncada,2019,575000
Yoán Moncada,2020,1370370
Yoán Moncada,2021,7000000
Yoán Moncada,2022,14000000
Yoán Moncada,2023,18000000
Yoán Moncada,2024,29000000
Yoán Moncada,2025,5000000
Yoán Moncada,2026,4000000
Yohander Méndez,2016,85963
Yohander Méndez,2017,82012
Yohander Méndez,2018,128920
Yohander Méndez,2019,492000
Yonder Alonso,2008,450000
Yonder Alonso,2009,800000
Yonder Alonso,2010,900000
Yonder Alonso,2011,1000000
Yonder Alonso,2012,1400000
Yonder Alonso,2013,1120000
Yonder Alonso,2014,980000
Yonder Alonso,2015,1650000
Yonder Alonso,2016,2650000
Yonder Alonso,2017,4000000
Yonder Alonso,2018,7000000
Yonder Alonso,2019,8000000
Yonder Alonso,2020,1000000
Yordano Ventura,2013,37486
Yordano Ventura,2014,500500
Yordano Ventura,2015,1750000
Yordano Ventura,2016,1000000
Yorman Rodriguez,2014,73770
Yorman Rodriguez,2015,13866
Yorman Rodriguez,2016,507500
Yovani Gallardo,2007,380000
Yovani Gallardo,2008,404000
Yovani Gallardo,2009,414000
Yovani Gallardo,2010,1750000
Yovani Gallardo,2011,3250000
Yovani Gallardo,2012,5500000
Yovani Gallardo,2013,7750000
Yovani Gallardo,2014,11250000
Yovani Gallardo,2015,14000000
Yovani Gallardo,2016,9000000
Yovani Gallardo,2017,13000000
Yovani Gallardo,2018,4689785
Yusmeiro Petit,2006,327000
Yusmeiro Petit,2007,380000
Yusmeiro Petit,2008,394000
Yusmeiro Petit,2009,411500
Yusmeiro Petit,2010,411500
Yusmeiro Petit,2011,414000
Yusmeiro Petit,2012,480000
Yusmeiro Petit,2013,120491
Yusmeiro Petit,2014,845000
Yusmeiro Petit,2015,2100000
Yusmeiro Petit,2016,2500000
Yusmeiro Petit,2017,2750000
Yusmeiro Petit,2018,3500000
Yusmeiro Petit,2019,5500000
Yusmeiro Petit,2020,2037037
Yusmeiro Petit,2021,3000000
Zach Britton,2011,359658
Zach Britton,2012,486000
Zach Britton,2013,149945
Zach Britton,2014,521500
Zach Britton,2015,3450000
Zach Britton,2016,6750000
Zach Britton,2017,11400000
Zach Britton,2018,12000000
Zach Britton,2019,13000000
Zach Britton,2020,4814815
Zach Britton,2021,13000000
Zach Britton,2022,14000000
Zach Duke,2006,335000
Zach Duke,2007,410000
Zach Duke,2008,400000
Zach Duke,2009,2200000
Zach Duke,2010,4300000
Zach Duke,2011,3500000
Zach Duke,2012,917213
Zach Duke,2013,783005
Zach Duke,2014,850000
Zach Duke,2015,4500000
Zach Duke,2016,5000000
Zach Duke,2017,5500000
Zach Duke,2018,3650000
Zach Duke,2019,2000000
Zach Lee,2015,16639
Zach Lee,2016,8319
Zach Lee,2017,535000
Zack Britton,2011,359658
Zack Britton,2012,486000
Zack Britton,2013,149945
Zack Britton,2014,521500
Zack Britton,2015,3450000
Zack Britton,2016,6750000
Zack Britton,2017,11400000
Zack Britton,2018,12000000
Zack Britton,2019,13000000
Zack Britton,2020,4814815
Zack Britton,2021,13000000
Zack Britton,2022,14000000
Zack Collins,2019,164120
Zack Collins,2020,109025
Zack Collins,2021,522379
Zack Collins,2022,484242
Zack Collins,2023,15484
Zack Cox,2010,700000
Zack Cox,2011,700000
Zack Cox,2012,850000
Zack Greinke,2004,219672
Zack Greinke,2005,330500
Zack Greinke,2006,365000
Zack Greinke,2007,407000
Zack Greinke,2008,1450000
Zack Greinke,2009,3900000
Zack Greinke,2010,7250000
Zack Greinke,2011,13500000
Zack Greinke,2012,13500000
Zack Greinke,2013,29000000
Zack Greinke,2014,24000000
Zack Greinke,2015,23000000
Zack Greinke,2016,24000000
Zack Greinke,2017,24000000
Zack Greinke,2018,24000000
Zack Greinke,2019,25999999
Zack Greinke,2020,10777777
Zack Greinke,2021,24000000
Zack Greinke,2022,25500000
Zack Greinke,2023,25800000
Zack Greinke,2024,12500000
Zack Greinke,2025,12500000
Zack Greinke,2026,12500000
Zack Wheeler,2013,262404
Zack Wheeler,2014,512375
Zack Wheeler,2015,546250
Zack Wheeler,2016,546250
Zack Wheeler,2017,800000
Zack Wheeler,2018,1900000
Zack Wheeler,2019,5975000
Zack Wheeler,2020,7962963
Zack Wheeler,2021,22500000
Zack Wheeler,2022,26000000
Zack Wheeler,2023,24500000
Zack Wheeler,2024,23500000
Zack Wheeler,2025,42000000
Zack Wheeler,2026,42000000
Zack Wheeler,2027,42000000
