vintage,rank,name,position,age,dob,team,source
2001,1,Josh Hamilton,OF,19.7,1981-05-21,Tampa Bay Devil Rays,Baseball America
2001,2,Corey Patterson,OF,21.47,1979-08-13,Chicago Cubs,Baseball America
2001,3,Josh Beckett,RHP,20.72,1980-05-15,Florida Marlins,Baseball America
2001,4,Jon Rauch,RHP,22.35,1978-09-27,Chicago White Sox,Baseball America
2001,5,Ben Sheets,RHP,22.54,1978-07-18,Milwaukee Brewers,Baseball America
2001,6,Sean Burroughs,3B,20.39,1980-09-12,San Diego Padres,Baseball America
2001,7,C.C. Sabathia,LHP,20.53,1980-07-21,Cleveland Indians,Baseball America
2001,8,Ryan Anderson,LHP,21.56,1979-07-12,Seattle Mariners,Baseball America
2001,9,Ichiro Suzuki,OF,27.28,1973-10-22,Seattle Mariners,Baseball America
2001,10,Nick Johnson,1B,22.37,1978-09-19,New York Yankees,Baseball America
2001,11,Carlos Pena,1B,22.71,1978-05-17,Texas Rangers,Baseball America
2001,12,Vernon Wells,OF,22.15,1978-12-08,Toronto Blue Jays,Baseball America
2001,13,Roy Oswalt,RHP,23.43,1977-08-29,Houston Astros,Baseball America
2001,14,Drew Henson,3B,20.97,1980-02-13,Cincinnati Reds,Baseball America
2001,15,Chin-Hui Tsao,RHP,19.67,1981-06-02,Colorado Rockies,Baseball America
2001,16,Antonio Perez,SS,21.02,1980-01-26,Seattle Mariners,Baseball America
2001,17,Juan Cruz,RHP,22.3,1978-10-15,Chicago Cubs,Baseball America
2001,18,Alex Escobar,OF,22.41,1978-09-06,New York Mets,Baseball America
2001,19,Jerome Williams,RHP,19.16,1981-12-04,San Francisco Giants,Baseball America
2001,20,Bobby Bradley,RHP,20.13,1980-12-15,Pittsburgh Pirates,Baseball America
2001,21,J.R. House,C,21.23,1979-11-11,Pittsburgh Pirates,Baseball America
2001,22,Hee Seop Choi,1B,21.88,1979-03-16,Chicago Cubs,Baseball America
2001,23,Joe Borchard,OF,22.19,1978-11-25,Chicago White Sox,Baseball America
2001,24,Austin Kearns,OF,20.7,1980-05-20,Cincinnati Reds,Baseball America
2001,25,Chris George,LHP,21.38,1979-09-16,Kansas City Royals,Baseball America
2001,26,Donnie Bridges,RHP,22.15,1978-12-10,Montreal Expos,Baseball America
2001,27,Alfonso Soriano,SS,25.07,1976-01-07,New York Yankees,Baseball America
2001,28,Matt Belisle,RHP,20.66,1980-06-06,Atlanta Braves,Baseball America
2001,29,Wilson Betemit,SS,19.25,1981-11-02,Atlanta Braves,Baseball America
2001,30,Kurt Ainsworth,RHP,22.4,1978-09-09,San Francisco Giants,Baseball America
2001,31,Jimmy Rollins,SS,22.18,1978-11-27,Philadelphia Phillies,Baseball America
2001,32,Felipe Lopez,SS,20.73,1980-05-12,Toronto Blue Jays,Baseball America
2001,33,Adam Dunn,OF,21.23,1979-11-09,Cincinnati Reds,Baseball America
2001,34,Jose Ortiz,2B,23.64,1977-06-13,Oakland Athletics,Baseball America
2001,35,Brad Wilkerson,OF,23.67,1977-06-01,Montreal Expos,Baseball America
2001,36,Joe Crede,3B,22.77,1978-04-26,Chicago White Sox,Baseball America
2001,37,Ben Christensen,RHP,22.98,1978-02-07,Chicago Cubs,Baseball America
2001,38,Jack Cust,OF/1B,22.07,1979-01-07,Arizona Diamondbacks,Baseball America
2001,39,Bud Smith,LHP,21.28,1979-10-23,St. Louis Cardinals,Baseball America
2001,40,Jake Peavy,RHP,19.67,1981-05-31,San Diego Padres,Baseball America
2001,41,Adam Johnson,RHP,21.56,1979-07-12,Minnesota Twins,Baseball America
2001,42,Albert Pujols,3B,21.05,1980-01-16,St. Louis Cardinals,Baseball America
2001,43,Aubrey Huff,3B,24.12,1976-12-20,Tampa Bay Devil Rays,Baseball America
2001,44,Matt Ginter,RHP,23.11,1977-12-24,Chicago White Sox,Baseball America
2001,45,Wes Anderson,RHP,21.4,1979-09-10,Florida Marlins,Baseball America
2001,46,D'Angelo Jimenez,SS,23.12,1977-12-21,New York Yankees,Baseball America
2001,47,Brett Myers,RHP,20.46,1980-08-17,Philadelphia Phillies,Baseball America
2001,48,Dee Brown,OF,22.85,1978-03-27,Kansas City Royals,Baseball America
2001,49,Tim Redding,RHP,22.97,1978-02-12,Houston Astros,Baseball America
2001,50,Joe Torres,LHP,18.41,1982-09-03,Anaheim Angels,Baseball America
2001,51,Matt McClendon,RHP,23.3,1977-10-13,Atlanta Braves,Baseball America
2001,52,Jason Standridge,RHP,22.23,1978-11-09,Tampa Bay Devil Rays,Baseball America
2001,53,Wascar Serrano,RHP,23.67,1977-06-02,San Diego Padres,Baseball America
2001,54,Marcus Giles,2B,22.71,1978-05-18,Atlanta Braves,Baseball America
2001,55,Michael Cuddyer,3B,21.85,1979-03-27,Minnesota Twins,Baseball America
2001,56,Kevin Mench,OF,23.07,1978-01-07,Texas Rangers,Baseball America
2001,57,Wilfredo Rodriguez,LHP,21.87,1979-03-20,Houston Astros,Baseball America
2001,58,Mike Bynum,LHP,22.87,1978-03-20,San Diego Padres,Baseball America
2001,59,Jason Hart,1B,23.41,1977-09-05,Oakland Athletics,Baseball America
2001,60,Tony Torcato,3B,21.27,1979-10-25,San Francisco Giants,Baseball America
2001,61,Dan Wright,RHP,23.13,1977-12-14,Chicago White Sox,Baseball America
2001,62,Alex Cintron,SS,22.13,1978-12-17,Arizona Diamondbacks,Baseball America
2001,63,Pat Strange,RHP,20.44,1980-08-23,New York Mets,Baseball America
2001,64,Brian Cole,OF,22.35,1978-09-28,New York Mets,Baseball America
2001,65,Jovanny Cedeno,RHP,21.27,1979-10-25,Texas Rangers,Baseball America
2001,66,Adrian Hernandez,RHP,25.86,1975-03-25,New York Yankees,Baseball America
2001,67,Brandon Inge,C,23.71,1977-05-19,Detroit Tigers,Baseball America
2001,68,Carlos Zambrano,RHP,19.67,1981-06-01,Chicago Cubs,Baseball America
2001,69,Jesus Colome,RHP,23.11,1977-12-23,Tampa Bay Devil Rays,Baseball America
2001,70,Eric Munson,1B,23.33,1977-10-03,Detroit Tigers,Baseball America
2001,71,Francisco Rodriguez,RHP,19.07,1982-01-07,Anaheim Angels,Baseball America
2001,72,Carl Crawford,OF,19.49,1981-08-05,Tampa Bay Devil Rays,Baseball America
2001,73,Lou Montanez,SS,19.13,1981-12-15,Chicago Cubs,Baseball America
2001,74,Dane Sardinha,C,21.82,1979-04-08,Cincinnati Reds,Baseball America
2001,75,Abraham Nunez,OF,23.99,1977-02-05,Florida Marlins,Baseball America
2001,76,Brad Baker,RHP,20.24,1980-11-06,Boston Red Sox,Baseball America
2001,77,Dernell Stenson,1B/OF,22.63,1978-06-17,Boston Red Sox,Baseball America
2001,78,Brad Baisley,RHP,21.44,1979-08-24,Philadelphia Phillies,Baseball America
2001,79,Mike MacDougal,RHP,23.91,1977-03-05,Kansas City Royals,Baseball America
2001,80,Joel Pineiro,RHP,22.35,1978-09-25,Seattle Mariners,Baseball America
2001,81,Ryan Ludwick,OF,22.56,1978-07-13,Oakland Athletics,Baseball America
2001,82,Xavier Nady,3B,22.22,1978-11-14,San Diego Padres,Baseball America
2001,83,Nick Neugebauer,RHP,20.55,1980-07-15,Milwaukee Brewers,Baseball America
2001,84,Justin Miller,RHP,23.43,1977-08-27,Oakland Athletics,Baseball America
2001,85,Lance Niekro,3B,22.01,1979-01-29,San Francisco Giants,Baseball America
2001,86,Chin-Feng Chen,OF,23.26,1977-10-28,Los Angeles Dodgers,Baseball America
2001,87,Tony Blanco,3B,19.23,1981-11-10,Boston Red Sox,Baseball America
2001,88,Danys Baez,RHP,23.39,1977-09-10,Cleveland Indians,Baseball America
2001,89,Adrian Gonzalez,1B,18.74,1982-05-08,Florida Marlins,Baseball America
2001,90,David Espinosa,SS/2B,19.13,1981-12-16,Cincinnati Reds,Baseball America
2001,91,Miguel Cabrera,SS,17.79,1983-04-18,Florida Marlins,Baseball America
2001,92,Jason Marquis,RHP,22.45,1978-08-21,Atlanta Braves,Baseball America
2001,93,Luis Rivas,2B,21.43,1979-08-30,Minnesota Twins,Baseball America
2001,94,Juan Uribe,SS,21.87,1979-03-22,Colorado Rockies,Baseball America
2001,95,Ramon Santiago,SS,21.42,1979-08-31,Detroit Tigers,Baseball America
2001,96,Keith Reed,OF,22.32,1978-10-08,Baltimore Orioles,Baseball America
2001,97,Adam Wainwright,RHP,19.43,1981-08-30,Atlanta Braves,Baseball America
2001,98,Chris Snelling,OF,19.16,1981-12-03,Seattle Mariners,Baseball America
2001,99,Joe Lawrence,C,23.97,1977-02-13,Toronto Blue Jays,Baseball America
2001,100,Matt White,RHP,22.47,1978-08-13,Tampa Bay Devil Rays,Baseball America
2002,1,Josh Beckett,RHP,21.72,1980-05-15,Florida Marlins,Baseball America
2002,2,Mark Prior,RHP,21.4,1980-09-07,Chicago Cubs,Baseball America
2002,3,Hank Blalock,3B,21.2,1980-11-21,Texas Rangers,Baseball America
2002,4,Sean Burroughs,3B,21.39,1980-09-12,San Diego Padres,Baseball America
2002,5,Carlos Pena,1B,23.71,1978-05-17,Oakland Athletics,Baseball America
2002,6,Juan Cruz,RHP,23.3,1978-10-15,Chicago Cubs,Baseball America
2002,7,Joe Mauer,C,18.79,1983-04-19,Minnesota Twins,Baseball America
2002,8,Wilson Betemit,SS,20.25,1981-11-02,Atlanta Braves,Baseball America
2002,9,Drew Henson,3B,21.97,1980-02-13,New York Yankees,Baseball America
2002,10,Mark Teixeira,3B,21.81,1980-04-11,Texas Rangers,Baseball America
2002,11,Austin Kearns,OF,21.7,1980-05-20,Cincinnati Reds,Baseball America
2002,12,Joe Borchard,OF,23.19,1978-11-25,Chicago White Sox,Baseball America
2002,13,Nick Johnson,1B,23.37,1978-09-19,New York Yankees,Baseball America
2002,14,Ryan Anderson,LHP,22.56,1979-07-12,Seattle Mariners,Baseball America
2002,15,Angel Berroa,SS,25.01,1977-01-27,Kansas City Royals,Baseball America
2002,16,Dennis Tankersley,RHP,22.94,1979-02-24,San Diego Padres,Baseball America
2002,17,Nick Neugebauer,RHP,21.55,1980-07-15,Milwaukee Brewers,Baseball America
2002,18,Josh Hamilton,OF,20.7,1981-05-21,Tampa Bay Devil Rays,Baseball America
2002,19,Jerome Williams,RHP,20.16,1981-12-04,San Francisco Giants,Baseball America
2002,20,Brandon Phillips,SS,20.6,1981-06-28,Montreal Expos,Baseball America
2002,21,Justin Morneau,1B,20.72,1981-05-15,Minnesota Twins,Baseball America
2002,22,Casey Kotchman,1B,18.94,1983-02-22,Anaheim Angels,Baseball America
2002,23,Jon Rauch,RHP,23.35,1978-09-27,Chicago White Sox,Baseball America
2002,24,Carlos Hernandez,LHP,21.78,1980-04-22,Houston Astros,Baseball America
2002,25,Ty Howington,LHP,21.24,1980-11-04,Cincinnati Reds,Baseball America
2002,26,Marlon Byrd,OF,24.42,1977-08-30,Philadelphia Phillies,Baseball America
2002,27,Michael Cuddyer,3B,22.85,1979-03-27,Minnesota Twins,Baseball America
2002,28,Jake Peavy,RHP,20.67,1981-05-31,San Diego Padres,Baseball America
2002,29,Boof Bonser,RHP,20.3,1981-10-14,San Francisco Giants,Baseball America
2002,30,Rafael Soriano,RHP,22.12,1979-12-19,Seattle Mariners,Baseball America
2002,31,Adrian Gonzalez,1B,19.74,1982-05-08,Florida Marlins,Baseball America
2002,32,Corwin Malone,LHP,21.58,1980-07-03,Chicago White Sox,Baseball America
2002,33,Brett Myers,RHP,21.46,1980-08-17,Philadelphia Phillies,Baseball America
2002,34,Jose Reyes,SS,18.64,1983-06-11,New York Mets,Baseball America
2002,35,Kaz Ishii,LHP,28.4,1973-09-09,Los Angeles Dodgers,Baseball America
2002,36,Josh Phelps,C,23.73,1978-05-12,Toronto Blue Jays,Baseball America
2002,37,Brandon Claussen,LHP,22.76,1979-05-01,New York Yankees,Baseball America
2002,38,Miguel Cabrera,SS,18.79,1983-04-18,Florida Marlins,Baseball America
2002,39,Xavier Nady,1B,23.22,1978-11-14,San Diego Padres,Baseball America
2002,40,Hee-Seop Choi,1B,22.88,1979-03-16,Chicago Cubs,Baseball America
2002,41,J.R. House,C,22.23,1979-11-11,Pittsburgh Pirates,Baseball America
2002,42,Adam Wainwright,RHP,20.42,1981-08-30,Atlanta Braves,Baseball America
2002,43,John Buck,C,21.57,1980-07-07,Houston Astros,Baseball America
2002,44,Jimmy Journell,RHP,24.09,1977-12-29,St. Louis Cardinals,Baseball America
2002,45,David Kelton,3B,22.13,1979-12-17,Chicago Cubs,Baseball America
2002,46,Chris Snelling,OF,20.16,1981-12-03,Seattle Mariners,Baseball America
2002,47,Kelly Johnson,SS,19.94,1982-02-22,Atlanta Braves,Baseball America
2002,48,Bobby Hill,2B,23.83,1978-04-03,Chicago Cubs,Baseball America
2002,49,Mario Ramos,LHP,24.29,1977-10-19,Texas Rangers,Baseball America
2002,50,Jimmy Gobble,LHP,20.54,1981-07-19,Kansas City Royals,Baseball America
2002,51,Chris Burke,SS,21.89,1980-03-11,Houston Astros,Baseball America
2002,52,Antonio Perez,SS,22.02,1980-01-26,Seattle Mariners,Baseball America
2002,53,Jason Lane,OF,25.11,1976-12-22,Houston Astros,Baseball America
2002,54,Mark Phillips,LHP,20.09,1981-12-30,San Diego Padres,Baseball America
2002,55,Nate Cornejo,RHP,22.36,1979-09-24,Detroit Tigers,Baseball America
2002,56,Gavin Floyd,RHP,19.01,1983-01-27,Philadelphia Phillies,Baseball America
2002,57,Dewon Brazelton,RHP,21.63,1980-06-16,Tampa Bay Devil Rays,Baseball America
2002,58,Kurt Ainsworth,RHP,23.4,1978-09-09,San Francisco Giants,Baseball America
2002,59,Carl Crawford,OF,20.49,1981-08-05,Tampa Bay Devil Rays,Baseball America
2002,60,Seung Song,RHP,21.59,1980-06-29,Boston Red Sox,Baseball America
2002,61,Chin-hui Tsao,RHP,20.67,1981-06-02,Colorado Rockies,Baseball America
2002,62,Brad Wilkerson,OF,24.67,1977-06-01,Montreal Expos,Baseball America
2002,63,Michael Restovich,OF,23.08,1979-01-03,Minnesota Twins,Baseball America
2002,64,Chin-Feng Chen,OF,24.26,1977-10-28,Los Angeles Dodgers,Baseball America
2002,65,Wily Mo Pena,OF,20.02,1982-01-23,Cincinnati Reds,Baseball America
2002,66,Brett Evert,RHP,21.28,1980-10-23,Atlanta Braves,Baseball America
2002,67,Juan Rivera,OF,23.58,1978-07-03,New York Yankees,Baseball America
2002,68,Nic Jackson,OF,22.35,1979-09-25,Chicago Cubs,Baseball America
2002,69,Ricardo Rodriguez,RHP,23.7,1978-05-21,Los Angeles Dodgers,Baseball America
2002,70,Jayson Werth,C,22.7,1979-05-20,Toronto Blue Jays,Baseball America
2002,71,Alex Escobar,OF,23.41,1978-09-06,Cleveland Indians,Baseball America
2002,72,Clint Nageotte,RHP,21.27,1980-10-25,Seattle Mariners,Baseball America
2002,73,Corey Smith,3B,19.8,1982-04-15,Cleveland Indians,Baseball America
2002,74,Bobby Jenks,RHP,20.89,1981-03-14,Anaheim Angels,Baseball America
2002,75,Gabe Gross,OF,22.28,1979-10-21,Toronto Blue Jays,Baseball America
2002,76,John-Ford Griffin,OF,22.2,1979-11-19,New York Yankees,Baseball America
2002,77,Jake Gautreau,2B,22.22,1979-11-14,San Diego Padres,Baseball America
2002,78,Aaron Heilman,RHP,23.22,1978-11-12,New York Mets,Baseball America
2002,79,Kenny Baugh,RHP,22.99,1979-02-05,Detroit Tigers,Baseball America
2002,80,Carlos Zambrano,RHP,20.67,1981-06-01,Chicago Cubs,Baseball America
2002,81,Orlando Hudson,2B,24.14,1977-12-12,Toronto Blue Jays,Baseball America
2002,82,Colby Lewis,RHP,22.5,1979-08-02,Texas Rangers,Baseball America
2002,83,Tony Torcato,OF,22.27,1979-10-25,San Francisco Giants,Baseball America
2002,84,Mike Jones,RHP,18.78,1983-04-23,Milwaukee Brewers,Baseball America
2002,85,Adam Johnson,RHP,22.56,1979-07-12,Minnesota Twins,Baseball America
2002,86,Chris Narveson,LHP,20.12,1981-12-20,St. Louis Cardinals,Baseball America
2002,87,Denny Bautista,RHP,21.44,1980-08-23,Florida Marlins,Baseball America
2002,88,J.D. Martin,RHP,19.08,1983-01-02,Cleveland Indians,Baseball America
2002,89,John Van Benschoten,RHP,21.8,1980-04-14,Pittsburgh Pirates,Baseball America
2002,90,Erik Bedard,LHP,22.91,1979-03-05,Baltimore Orioles,Baseball America
2002,91,Eric Byrnes,OF,25.96,1976-02-16,Oakland Athletics,Baseball America
2002,92,Ramon Vazquez,SS,25.45,1976-08-21,San Diego Padres,Baseball America
2002,93,Tony Blanco,3B,20.23,1981-11-10,Boston Red Sox,Baseball America
2002,94,Joe Crede,3B,23.77,1978-04-26,Chicago White Sox,Baseball America
2002,95,Omar Infante,SS,20.1,1981-12-26,Detroit Tigers,Baseball America
2002,96,Matt Belisle,RHP,21.66,1980-06-06,Atlanta Braves,Baseball America
2002,97,Victor Martinez,C,23.11,1978-12-23,Cleveland Indians,Baseball America
2002,98,Dustin McGowan,RHP,19.86,1982-03-24,Toronto Blue Jays,Baseball America
2002,99,Ryan Dittfurth,RHP,22.29,1979-10-18,Texas Rangers,Baseball America
2002,100,Jack Cust,OF,23.07,1979-01-07,Colorado Rockies,Baseball America
2003,1,Mark Teixeira,3B,22.81,1980-04-11,Rangers,Baseball America
2003,2,Rocco Baldelli,OF,21.35,1981-09-25,Devil Rays,Baseball America
2003,3,Jose Reyes,SS,19.64,1983-06-11,Mets,Baseball America
2003,4,Joe Mauer,C,19.79,1983-04-19,Twins,Baseball America
2003,5,Jesse Foppert,RHP,22.56,1980-07-10,Giants,Baseball America
2003,6,Jose Contreras,RHP,31.16,1971-12-06,Yankees,Baseball America
2003,7,Brandon Phillips,SS/2B,21.6,1981-06-28,Indians,Baseball America
2003,8,Hideki Matsui,OF,28.64,1974-06-12,Yankees,Baseball America
2003,9,Gavin Floyd,RHP,20.01,1983-01-27,Phillies,Baseball America
2003,10,Francisco Rodriguez,RHP,21.07,1982-01-07,Angels,Baseball America
2003,11,Scott Kazmir,LHP,19.02,1984-01-24,Mets,Baseball America
2003,12,Miguel Cabrera,3B,19.79,1983-04-18,Marlins,Baseball America
2003,13,Casey Kotchman,1B,19.94,1983-02-22,Angels,Baseball America
2003,14,Justin Morneau,1B,21.72,1981-05-15,Twins,Baseball America
2003,15,Jason Stokes,1B,21.02,1982-01-23,Marlins,Baseball America
2003,16,Victor Martinez,C,24.11,1978-12-23,Indians,Baseball America
2003,17,Michael Cuddyer,OF,23.85,1979-03-27,Twins,Baseball America
2003,18,Adam Wainwright,RHP,21.42,1981-08-30,Braves,Baseball America
2003,19,Hanley Ramirez,SS,19.11,1983-12-23,Red Sox,Baseball America
2003,20,Jeremy Bonderman,RHP,20.26,1982-10-28,Tigers,Baseball America
2003,21,B.J. Upton,SS,18.45,1984-08-21,Devil Rays,Baseball America
2003,22,Hee-Seop Choi,1B,23.88,1979-03-16,Cubs,Baseball America
2003,23,Brad Nelson,1B,20.11,1982-12-23,Brewers,Baseball America
2003,24,John Van Benschoten,RHP,22.8,1980-04-14,Pirates,Baseball America
2003,25,Sean Burnett,LHP,20.38,1982-09-17,Pirates,Baseball America
2003,26,Scott Hairston,2B,22.69,1980-05-25,Diamondbacks,Baseball America
2003,27,Rafael Soriano,RHP,23.12,1979-12-19,Mariners,Baseball America
2003,28,Joe Borchard,OF,24.19,1978-11-25,White Sox,Baseball America
2003,29,Rich Harden,RHP,21.17,1981-11-30,Athletics,Baseball America
2003,30,Cliff Lee,LHP,24.42,1978-08-30,Indians,Baseball America
2003,31,Adrian Gonzalez,1B,20.74,1982-05-08,Marlins,Baseball America
2003,32,Colby Lewis,RHP,23.5,1979-08-02,Rangers,Baseball America
2003,33,Josh Hamilton,OF,21.7,1981-05-21,Devil Rays,Baseball America
2003,34,James Loney,1B,18.74,1984-05-07,Dodgers,Baseball America
2003,35,Jonathan Figueroa,LHP,19.38,1983-09-15,Dodgers,Baseball America
2003,36,Dustin McGowan,RHP,20.86,1982-03-24,Blue Jays,Baseball America
2003,37,Michael Restovich,OF,24.08,1979-01-03,Twins,Baseball America
2003,38,Jose Lopez,SS,19.19,1983-11-24,Mariners,Baseball America
2003,39,Chris Snelling,OF,21.16,1981-12-03,Mariners,Baseball America
2003,40,Andy Marte,3B,19.28,1983-10-21,Braves,Baseball America
2003,41,Aaron Cook,RHP,23.98,1979-02-08,Rockies,Baseball America
2003,42,Franklyn German,RHP,23.03,1980-01-20,Tigers,Baseball America
2003,43,Dontrelle Willis,LHP,21.05,1982-01-12,Marlins,Baseball America
2003,44,Xavier Nady,OF,24.22,1978-11-14,Padres,Baseball America
2003,45,Aaron Heilman,RHP,24.22,1978-11-12,Mets,Baseball America
2003,46,Travis Hafner,1B,25.66,1977-06-03,Indians,Baseball America
2003,47,Angel Guzman,RHP,21.13,1981-12-14,Cubs,Baseball America
2003,48,Jeff Mathis,C,19.84,1983-03-31,Angels,Baseball America
2003,49,Wilson Betemit,SS,21.25,1981-11-02,Braves,Baseball America
2003,50,Jerome Williams,RHP,21.16,1981-12-04,Giants,Baseball America
2003,51,Johan Santana,RHP,19.18,1983-11-28,Yankees,Baseball America
2003,52,Bryan Bullington,RHP,22.34,1980-09-30,Pirates,Baseball America
2003,53,Andrew Sisco,LHP,20.05,1983-01-13,Cubs,Baseball America
2003,54,Zack Greinke,RHP,19.28,1983-10-21,Royals,Baseball America
2003,55,Juan Rivera,OF,24.58,1978-07-03,Yankees,Baseball America
2003,56,Mike Jones,RHP,19.78,1983-04-23,Brewers,Baseball America
2003,57,Khalil Greene,SS,23.28,1979-10-21,Padres,Baseball America
2003,58,Bubba Nelson,RHP,21.43,1981-08-26,Braves,Baseball America
2003,59,Mike Gosling,LHP,22.36,1980-09-23,Diamondbacks,Baseball America
2003,60,Bobby Jenks,RHP,21.89,1981-03-14,Angels,Baseball America
2003,61,Shin-Soo Choo,OF,20.56,1982-07-13,Mariners,Baseball America
2003,62,Clint Everts,RHP,18.48,1984-08-10,Expos,Baseball America
2003,63,Marlon Byrd,OF,25.42,1977-08-30,Phillies,Baseball America
2003,64,Kurt Ainsworth,RHP,24.4,1978-09-09,Giants,Baseball America
2003,65,Lyle Overbay,1B,26.01,1977-01-28,Diamondbacks,Baseball America
2003,66,Justin Huber,C,20.59,1982-07-01,Mets,Baseball America
2003,67,John Buck,C,22.57,1980-07-07,Astros,Baseball America
2003,68,Macay McBride,LHP,20.27,1982-10-24,Braves,Baseball America
2003,69,Bobby Basham,RHP,22.9,1980-03-07,Reds,Baseball America
2003,70,Jeremy Guthrie,RHP,23.82,1979-04-08,Indians,Baseball America
2003,71,Josh Karp,RHP,23.36,1979-09-21,Expos,Baseball America
2003,72,Felix Pie,OF,17.98,1985-02-08,Cubs,Baseball America
2003,73,Kris Honel,RHP,20.24,1982-11-07,White Sox,Baseball America
2003,74,Dewon Brazelton,RHP,22.63,1980-06-16,Devil Rays,Baseball America
2003,75,David Wright,3B,20.12,1982-12-20,Mets,Baseball America
2003,76,Clint Nageotte,RHP,22.27,1980-10-25,Mariners,Baseball America
2003,77,Chris Gruler,RHP,19.39,1983-09-11,Reds,Baseball America
2003,78,Prince Fielder,1B,18.73,1984-05-09,Brewers,Baseball America
2003,79,John Patterson,RHP,25.0,1978-01-30,Diamondbacks,Baseball America
2003,80,Ben Kozlowski,LHP,22.46,1980-08-16,Rangers,Baseball America
2003,81,Chase Utley,2B,24.13,1978-12-17,Phillies,Baseball America
2003,82,Todd Linden,OF,22.59,1980-06-30,Giants,Baseball America
2003,83,Francisco Liriano,LHP,19.27,1983-10-26,Giants,Baseball America
2003,84,Mark Phillips,LHP,21.09,1981-12-30,Padres,Baseball America
2003,85,Laynce Nix,OF,22.26,1980-10-30,Rangers,Baseball America
2003,86,Jose Castillo,SS,21.87,1981-03-19,Pirates,Baseball America
2003,87,Wily Mo Pena,OF,21.02,1982-01-23,Reds,Baseball America
2003,88,Taylor Buchholz,RHP,21.3,1981-10-13,Phillies,Baseball America
2003,89,Don Levinski,RHP,20.28,1982-10-20,Expos,Baseball America
2003,90,Ben Hendrickson,RHP,21.99,1981-02-04,Brewers,Baseball America
2003,91,Corey Hart,1B,20.86,1982-03-24,Brewers,Baseball America
2003,92,Jon Rauch,RHP,24.35,1978-09-27,White Sox,Baseball America
2003,93,Chin-Hui Tsao,RHP,21.67,1981-06-02,Rockies,Baseball America
2003,94,Jayson Werth,OF,23.7,1979-05-20,Blue Jays,Baseball America
2003,95,Jeff Francoeur,OF,19.07,1984-01-08,Braves,Baseball America
2003,96,Mike Hinckley,LHP,20.33,1982-10-05,Expos,Baseball America
2003,97,Jason Arnold,RHP,23.75,1979-05-02,Blue Jays,Baseball America
2003,98,Seth McClung,RHP,21.98,1981-02-07,Devil Rays,Baseball America
2003,99,Edwin Jackson,RHP,19.4,1983-09-09,Dodgers,Baseball America
2003,100,Nic Jackson,OF,23.35,1979-09-25,Cubs,Baseball America
2004,1,Joe Mauer,C,20.79,1983-04-19,Twins,Baseball America
2004,2,B.J. Upton,SS,19.45,1984-08-21,Devil Rays,Baseball America
2004,3,Delmon Young,OF,18.38,1985-09-14,Devil Rays,Baseball America
2004,4,Edwin Jackson,RHP,20.4,1983-09-09,Dodgers,Baseball America
2004,5,Rickie Weeks,2B,21.39,1982-09-13,Brewers,Baseball America
2004,6,Alex Rios,OF,22.95,1981-02-18,Blue Jays,Baseball America
2004,7,Kazuo Matsui,SS,28.28,1975-10-23,Mets,Baseball America
2004,8,Greg Miller,LHP,19.24,1984-11-03,Dodgers,Baseball America
2004,9,Grady Sizemore,OF,21.5,1982-08-02,Indians,Baseball America
2004,10,Prince Fielder,1B,19.73,1984-05-09,Brewers,Baseball America
2004,11,Andy Marte,3B,20.28,1983-10-21,Braves,Baseball America
2004,12,Scott Kazmir,LHP,20.02,1984-01-24,Mets,Baseball America
2004,13,Adam Loewen,LHP,19.81,1984-04-09,Orioles,Baseball America
2004,14,Zack Greinke,RHP,20.28,1983-10-21,Royals,Baseball America
2004,15,Casey Kotchman,1B,20.94,1983-02-22,Angels,Baseball America
2004,16,Justin Morneau,1B,22.72,1981-05-15,Twins,Baseball America
2004,17,Cole Hamels,LHP,20.1,1983-12-27,Phillies,Baseball America
2004,18,Dustin McGowan,RHP,21.86,1982-03-24,Blue Jays,Baseball America
2004,19,J.J. Hardy,SS,21.45,1982-08-19,Brewers,Baseball America
2004,20,Josh Barfield,2B,21.13,1982-12-17,Padres,Baseball America
2004,21,David Wright,3B,21.12,1982-12-20,Mets,Baseball America
2004,22,Jeff Mathis,C,20.84,1983-03-31,Angels,Baseball America
2004,23,Gavin Floyd,RHP,21.01,1983-01-27,Phillies,Baseball America
2004,24,Chin-Hui Tsao,RHP,22.67,1981-06-02,Rockies,Baseball America
2004,25,Jeremy Reed,OF,22.63,1981-06-15,White Sox,Baseball America
2004,26,Angel Guzman,RHP,22.13,1981-12-14,Cubs,Baseball America
2004,27,Jeff Francoeur,OF,20.07,1984-01-08,Braves,Baseball America
2004,28,Jeremy Hermida,OF,20.01,1984-01-30,Marlins,Baseball America
2004,29,Ervin Santana,RHP,21.14,1982-12-12,Angels,Baseball America
2004,30,Felix Hernandez,RHP,17.82,1986-04-08,Mariners,Baseball America
2004,31,Franklin Gutierrez,OF,20.94,1983-02-21,Dodgers,Baseball America
2004,32,Bobby Crosby,SS,24.05,1980-01-12,Athletics,Baseball America
2004,33,Dallas McPherson,3B,23.53,1980-07-23,Angels,Baseball America
2004,34,Scott Hairston,2B,23.69,1980-05-25,Diamondbacks,Baseball America
2004,35,Guillermo Quiroz,C,22.17,1981-11-29,Blue Jays,Baseball America
2004,36,Kyle Sleeth,RHP,22.12,1981-12-20,Tigers,Baseball America
2004,37,Sergio Santos,SS,20.58,1983-07-04,Diamondbacks,Baseball America
2004,38,John Van Benschoten,RHP,23.8,1980-04-14,Pirates,Baseball America
2004,39,Hanley Ramirez,SS,20.11,1983-12-23,Red Sox,Baseball America
2004,40,Merkin Valdez,RHP,22.24,1981-11-05,Giants,Baseball America
2004,41,Dioner Navarro,C,19.98,1984-02-09,Yankees,Baseball America
2004,42,James Loney,1B,19.74,1984-05-07,Dodgers,Baseball America
2004,43,Joe Blanton,RHP,23.14,1980-12-11,Athletics,Baseball America
2004,44,Jeff Allison,RHP,19.23,1984-11-07,Marlins,Baseball America
2004,45,Clint Nageotte,RHP,23.27,1980-10-25,Mariners,Baseball America
2004,46,Ryan Wagner,RHP,21.55,1982-07-15,Reds,Baseball America
2004,47,Blake Hawksworth,RHP,20.92,1983-03-01,Cardinals,Baseball America
2004,48,Brad Nelson,1B,21.11,1982-12-23,Brewers,Baseball America
2004,49,Adam Wainwright,RHP,22.42,1981-08-30,Cardinals,Baseball America
2004,50,Taylor Buchholz,RHP,22.3,1981-10-13,Astros,Baseball America
2004,51,Jason Stokes,1B,22.02,1982-01-23,Marlins,Baseball America
2004,52,Adrian Gonzalez,1B,21.74,1982-05-08,Rangers,Baseball America
2004,53,Jeremy Guthrie,RHP,24.82,1979-04-08,Indians,Baseball America
2004,54,John Maine,RHP,22.74,1981-05-08,Orioles,Baseball America
2004,55,Kris Honel,RHP,21.23,1982-11-07,White Sox,Baseball America
2004,56,Justin Jones,LHP,19.35,1984-09-25,Cubs,Baseball America
2004,57,Ian Stewart,3B,18.83,1985-04-05,Rockies,Baseball America
2004,58,Clint Everts,RHP,19.48,1984-08-10,Expos,Baseball America
2004,59,Denny Bautista,RHP,23.44,1980-08-23,Orioles,Baseball America
2004,60,Mike Hinckley,LHP,21.33,1982-10-05,Expos,Baseball America
2004,61,Khalil Greene,SS,24.28,1979-10-21,Padres,Baseball America
2004,62,Bobby Jenks,RHP,22.89,1981-03-14,Angels,Baseball America
2004,63,Travis Blackley,LHP,21.24,1982-11-04,Mariners,Baseball America
2004,64,Sean Burnett,LHP,21.37,1982-09-17,Pirates,Baseball America
2004,65,Ryan Harvey,OF,19.42,1984-08-30,Cubs,Baseball America
2004,66,J.D. Durbin,RHP,21.94,1982-02-24,Twins,Baseball America
2004,67,Scott Olsen,LHP,20.05,1984-01-12,Marlins,Baseball America
2004,68,Chris Lubanski,OF,18.86,1985-03-24,Royals,Baseball America
2004,69,Manny Parra,LHP,21.26,1982-10-30,Brewers,Baseball America
2004,70,Jose Lopez,SS,20.19,1983-11-24,Mariners,Baseball America
2004,71,Alberto Callaspo,2B,20.79,1983-04-19,Angels,Baseball America
2004,72,Gabe Gross,OF,24.28,1979-10-21,Blue Jays,Baseball America
2004,73,Adam LaRoche,1B,24.24,1979-11-06,Braves,Baseball America
2004,74,Jason Bay,OF,25.37,1978-09-20,Pirates,Baseball America
2004,75,Bubba Nelson,RHP,22.43,1981-08-26,Braves,Baseball America
2004,76,Fausto Carmona,RHP,23.42,1980-08-30,Indians,Baseball America
2004,77,Andrew Sisco,LHP,21.05,1983-01-13,Cubs,Baseball America
2004,78,Kelly Shoppach,C,23.76,1980-04-29,Red Sox,Baseball America
2004,79,Michael Aubrey,1B,21.8,1982-04-15,Indians,Baseball America
2004,80,John Danks,LHP,18.8,1985-04-15,Rangers,Baseball America
2004,81,Matt Moses,3B,18.95,1985-02-20,Twins,Baseball America
2004,82,Dan Meyer,LHP,22.58,1981-07-03,Braves,Baseball America
2004,83,Dustin Nippert,RHP,22.74,1981-05-06,Diamondbacks,Baseball America
2004,84,Mike Jones,RHP,20.78,1983-04-23,Brewers,Baseball America
2004,85,Felix Pie,OF,18.98,1985-02-08,Cubs,Baseball America
2004,86,Lastings Milledge,OF,18.83,1985-04-05,Mets,Baseball America
2004,87,Francisco Rosario,RHP,23.34,1980-09-28,Blue Jays,Baseball America
2004,88,Matt Peterson,RHP,21.97,1982-02-11,Mets,Baseball America
2004,89,Jesse Crain,RHP,22.58,1981-07-05,Twins,Baseball America
2004,90,Nick Markakis,OF,20.21,1983-11-17,Orioles,Baseball America
2004,91,Matt Cain,RHP,19.33,1984-10-01,Giants,Baseball America
2004,92,Bobby Brownlie,RHP,23.32,1980-10-05,Cubs,Baseball America
2004,93,Jeff Francis,LHP,23.06,1981-01-08,Rockies,Baseball America
2004,94,Jayson Nix,2B,21.43,1982-08-26,Rockies,Baseball America
2004,95,Joey Gathright,OF,22.77,1981-04-27,Devil Rays,Baseball America
2004,96,Aaron Hill,SS,21.87,1982-03-21,Blue Jays,Baseball America
2004,97,Bryan Bullington,RHP,23.34,1980-09-30,Pirates,Baseball America
2004,98,Brent Clevlen,OF,20.27,1983-10-27,Tigers,Baseball America
2004,99,Jake Dittler,RHP,21.19,1982-11-24,Indians,Baseball America
2004,100,Jason Lane,OF,27.11,1976-12-22,Astros,Baseball America
2005,1,Joe Mauer,C,21.79,1983-04-19,Twins,Baseball America
2005,2,Felix Hernandez,RHP,18.82,1986-04-08,Mariners,Baseball America
2005,3,Delmon Young,OF,19.38,1985-09-14,Devil Rays,Baseball America
2005,4,Ian Stewart,3B,19.83,1985-04-05,Rockies,Baseball America
2005,5,Joel Guzman,SS,20.19,1984-11-24,Dodgers,Baseball America
2005,6,Casey Kotchman,1B,21.94,1983-02-22,Angels,Baseball America
2005,7,Scott Kazmir,LHP,21.02,1984-01-24,Devil Rays,Baseball America
2005,8,Rickie Weeks,2B,22.39,1982-09-13,Brewers,Baseball America
2005,9,Andy Marte,3B,21.28,1983-10-21,Braves,Baseball America
2005,10,Hanley Ramirez,SS,21.11,1983-12-23,Red Sox,Baseball America
2005,11,Lastings Milledge,OF,19.83,1985-04-05,Mets,Baseball America
2005,12,Dallas McPherson,3B,24.53,1980-07-23,Angels,Baseball America
2005,13,Matt Cain,RHP,20.34,1984-10-01,Giants,Baseball America
2005,14,Jeff Francoeur,OF,21.07,1984-01-08,Braves,Baseball America
2005,15,Prince Fielder,1B,20.73,1984-05-09,Brewers,Baseball America
2005,16,Adam Miller,RHP,20.18,1984-11-26,Indians,Baseball America
2005,17,Jason Kubel,OF,22.69,1982-05-25,Twins,Baseball America
2005,18,Jeremy Hermida,OF,21.01,1984-01-30,Marlins,Baseball America
2005,19,Chad Billingsley,RHP,20.51,1984-07-29,Dodgers,Baseball America
2005,20,Jeff Niemann,RHP,21.93,1983-02-28,Devil Rays,Baseball America
2005,21,Brian Dopirak,1B,21.12,1983-12-20,Cubs,Baseball America
2005,22,Carlos Quentin,OF,22.43,1982-08-28,Diamondbacks,Baseball America
2005,23,Jeff Francis,LHP,24.07,1981-01-08,Rockies,Baseball America
2005,24,Nick Swisher,OF,24.19,1980-11-25,Athletics,Baseball America
2005,25,Jose Capellan,RHP,24.05,1981-01-13,Brewers,Baseball America
2005,26,Chris Nelson,SS,19.41,1985-09-03,Rockies,Baseball America
2005,27,Ryan Howard,1B,25.2,1979-11-19,Phillies,Baseball America
2005,28,J.J. Hardy,SS,22.46,1982-08-19,Brewers,Baseball America
2005,29,Mike Hinckley,LHP,22.33,1982-10-05,Nationals,Baseball America
2005,30,Edwin Jackson,RHP,21.4,1983-09-09,Dodgers,Baseball America
2005,31,Felix Pie,OF,19.98,1985-02-08,Cubs,Baseball America
2005,32,Daric Barton,1B,19.46,1985-08-16,Athletics,Baseball America
2005,33,Jeremy Reed,OF,23.63,1981-06-15,Mariners,Baseball America
2005,34,Zach Duke,LHP,21.79,1983-04-19,Pirates,Baseball America
2005,35,Gavin Floyd,RHP,22.02,1983-01-27,Phillies,Baseball America
2005,36,Eric Duncan,3B,20.15,1984-12-07,Yankees,Baseball America
2005,37,Brian Anderson,OF,22.9,1982-03-11,White Sox,Baseball America
2005,38,Scott Olsen,LHP,21.06,1984-01-12,Marlins,Baseball America
2005,39,Erick Aybar,SS,21.05,1984-01-14,Angels,Baseball America
2005,40,Conor Jackson,OF,22.74,1982-05-07,Diamondbacks,Baseball America
2005,41,Michael Aubrey,1B,22.8,1982-04-15,Indians,Baseball America
2005,42,Ryan Sweeney,OF,19.95,1985-02-20,White Sox,Baseball America
2005,43,Dan Meyer,LHP,23.58,1981-07-03,Athletics,Baseball America
2005,44,Brian McCann,C,20.95,1984-02-20,Braves,Baseball America
2005,45,Josh Barfield,2B,22.13,1982-12-17,Padres,Baseball America
2005,46,Yusmeiro Petit,RHP,20.19,1984-11-22,Mets,Baseball America
2005,47,Anthony Reyes,RHP,23.3,1981-10-16,Cardinals,Baseball America
2005,48,Homer Bailey,RHP,18.75,1986-05-03,Reds,Baseball America
2005,49,Brandon McCarthy,RHP,21.57,1983-07-07,White Sox,Baseball America
2005,50,Philip Humber,RHP,22.12,1982-12-21,Mets,Baseball America
2005,51,Shin-Soo Choo,OF,22.56,1982-07-13,Mariners,Baseball America
2005,52,Thomas Diamond,RHP,21.83,1983-04-06,Rangers,Baseball America
2005,53,Kyle Davies,RHP,21.4,1983-09-09,Braves,Baseball America
2005,54,Franklin Gutierrez,OF,21.95,1983-02-21,Indians,Baseball America
2005,55,Mark Rogers,RHP,19.01,1986-01-30,Brewers,Baseball America
2005,56,Edwin Encarnacion,3B,22.07,1983-01-07,Reds,Baseball America
2005,57,Curtis Granderson,OF,23.88,1981-03-16,Tigers,Baseball America
2005,58,Merkin Valdez,RHP,23.24,1981-11-05,Giants,Baseball America
2005,59,John Danks,LHP,19.8,1985-04-15,Rangers,Baseball America
2005,60,Chris Burke,2B,24.9,1980-03-11,Astros,Baseball America
2005,61,Sergio Santos,SS,21.58,1983-07-04,Diamondbacks,Baseball America
2005,62,James Loney,1B,20.74,1984-05-07,Dodgers,Baseball America
2005,63,Jesse Crain,RHP,23.58,1981-07-05,Twins,Baseball America
2005,64,Aaron Hill,SS,22.87,1982-03-21,Blue Jays,Baseball America
2005,65,Nick Markakis,OF,21.21,1983-11-17,Orioles,Baseball America
2005,66,Ryan Harvey,OF,20.42,1984-08-30,Cubs,Baseball America
2005,67,Jeff Mathis,C,21.84,1983-03-31,Angels,Baseball America
2005,68,Javier Herrera,OF,19.82,1985-04-09,Athletics,Baseball America
2005,69,Brandon League,RHP,21.88,1983-03-16,Blue Jays,Baseball America
2005,70,J.D. Durbin,RHP,22.94,1982-02-24,Twins,Baseball America
2005,71,Cole Hamels,LHP,21.1,1983-12-27,Phillies,Baseball America
2005,72,Brandon Moss,OF,21.38,1983-09-16,Red Sox,Baseball America
2005,73,Clint Nageotte,RHP,24.27,1980-10-25,Mariners,Baseball America
2005,74,Andy LaRoche,3B,21.39,1983-09-13,Dodgers,Baseball America
2005,75,Billy Butler,3B,18.79,1986-04-18,Royals,Baseball America
2005,76,Kendry Morales,OF,21.62,1983-06-20,Angels,Baseball America
2005,77,Joaquin Arias,SS,20.36,1984-09-21,Rangers,Baseball America
2005,78,Fred Lewis,OF,24.15,1980-12-09,Giants,Baseball America
2005,79,Guillermo Quiroz,C,23.18,1981-11-29,Blue Jays,Baseball America
2005,80,Ezequiel Astacio,RHP,25.25,1979-11-04,Astros,Baseball America
2005,81,Neil Walker,C,19.39,1985-09-10,Pirates,Baseball America
2005,82,Ubaldo Jimenez,RHP,21.03,1984-01-22,Rockies,Baseball America
2005,83,Brandon Wood,SS,19.92,1985-03-02,Angels,Baseball America
2005,84,Brad Snyder,OF,22.69,1982-05-25,Indians,Baseball America
2005,85,Mark Teahen,3B,23.41,1981-09-06,Royals,Baseball America
2005,86,Kyle Sleeth,RHP,23.12,1981-12-20,Tigers,Baseball America
2005,87,Joey Gathright,OF,23.77,1981-04-27,Devil Rays,Baseball America
2005,88,Angel Guzman,RHP,23.13,1981-12-14,Cubs,Baseball America
2005,89,Russell Martin,C,21.96,1983-02-15,Dodgers,Baseball America
2005,90,Jeremy Sowers,LHP,21.71,1983-05-17,Indians,Baseball America
2005,91,Jon Papelbon,RHP,24.19,1980-11-23,Red Sox,Baseball America
2005,92,Jake Stevens,LHP,19.89,1985-03-15,Braves,Baseball America
2005,93,Richie Gardner,RHP,23.0,1982-02-01,Reds,Baseball America
2005,94,Hayden Penn,RHP,20.3,1984-10-13,Orioles,Baseball America
2005,95,Josh Fields,3B,22.14,1982-12-14,White Sox,Baseball America
2005,96,Tadahito Iguchi,2B,30.16,1974-12-04,White Sox,Baseball America
2005,97,Huston Street,RHP,21.5,1983-08-02,Athletics,Baseball America
2005,98,Ian Kinsler,SS,22.61,1982-06-22,Rangers,Baseball America
2005,99,Anthony Lerew,RHP,22.26,1982-10-28,Braves,Baseball America
2005,100,Greg Miller,LHP,20.25,1984-11-03,Dodgers,Baseball America
2006,1,Delmon Young,OF,20.38,1985-09-14,Tampa Bay Devil Rays,Baseball America
2006,2,Justin Upton,SS,18.44,1987-08-25,Arizona Diamondbacks,Baseball America
2006,3,Brandon Wood,SS,20.92,1985-03-02,Los Angeles Angels,Baseball America
2006,4,Jeremy Hermida,OF,22.01,1984-01-30,Florida Marlins,Baseball America
2006,5,Stephen Drew,SS,22.88,1983-03-16,Arizona Diamondbacks,Baseball America
2006,6,Francisco Liriano,LHP,22.27,1983-10-26,Minnesota Twins,Baseball America
2006,7,Chad Billingsley,RHP,21.51,1984-07-29,Los Angeles Dodgers,Baseball America
2006,8,Justin Verlander,RHP,22.95,1983-02-20,Detroit Tigers,Baseball America
2006,9,Lastings Milledge,OF,20.83,1985-04-05,New York Mets,Baseball America
2006,10,Matt Cain,RHP,21.34,1984-10-01,San Francisco Giants,Baseball America
2006,11,Prince Fielder,1B,21.73,1984-05-09,Milwaukee Brewers,Baseball America
2006,12,Howie Kendrick,2B,22.56,1983-07-12,Los Angeles Angels,Baseball America
2006,13,Alex Gordon,3B,21.98,1984-02-10,Kansas City Royals,Baseball America
2006,14,Andy Marte,3B,22.28,1983-10-21,Cleveland Indians,Baseball America
2006,15,Ryan Zimmerman,3B,21.34,1984-09-28,Washington Nationals,Baseball America
2006,16,Ian Stewart,3B,20.83,1985-04-05,Colorado Rockies,Baseball America
2006,17,Conor Jackson,1B,23.74,1982-05-07,Arizona Diamondbacks,Baseball America
2006,18,Jarrod Saltalamacchia,C,20.75,1985-05-02,Atlanta Braves,Baseball America
2006,19,Andy LaRoche,3B,22.39,1983-09-13,Los Angeles Dodgers,Baseball America
2006,20,Carlos Quentin,OF,23.43,1982-08-28,Arizona Diamondbacks,Baseball America
2006,21,Nick Markakis,OF,22.21,1983-11-17,Baltimore Orioles,Baseball America
2006,22,Jon Lester,LHP,22.07,1984-01-07,Boston Red Sox,Baseball America
2006,23,Chris Young,OF,22.41,1983-09-05,Arizona Diamondbacks,Baseball America
2006,24,Bobby Jenks,RHP,24.89,1981-03-14,Chicago White Sox,Baseball America
2006,25,Troy Tulowitzki,SS,21.31,1984-10-10,Colorado Rockies,Baseball America
2006,26,Joel Guzman,SS,21.19,1984-11-24,Los Angeles Dodgers,Baseball America
2006,27,Felix Pie,OF,20.98,1985-02-08,Chicago Cubs,Baseball America
2006,28,Daric Barton,1B,20.46,1985-08-16,Oakland Athletics,Baseball America
2006,29,Billy Butler,OF,19.79,1986-04-18,Kansas City Royals,Baseball America
2006,30,Hanley Ramirez,SS,22.11,1983-12-23,Florida Marlins,Baseball America
2006,31,Cameron Maybin,OF,18.83,1987-04-04,Detroit Tigers,Baseball America
2006,32,Carlos Gonzalez,OF,20.29,1985-10-17,Arizona Diamondbacks,Baseball America
2006,33,Jeff Clement,C,22.45,1983-08-21,Seattle Mariners,Baseball America
2006,34,Scott Olsen,LHP,22.06,1984-01-12,Florida Marlins,Baseball America
2006,35,Joel Zumaya,RHP,21.23,1984-11-09,Detroit Tigers,Baseball America
2006,36,Mike Pelfrey,RHP,22.05,1984-01-14,New York Mets,Baseball America
2006,37,Jonathan Papelbon,RHP,25.19,1980-11-23,Boston Red Sox,Baseball America
2006,38,Homer Bailey,RHP,19.75,1986-05-03,Cincinnati Reds,Baseball America
2006,39,Phil Hughes,RHP,19.61,1986-06-24,New York Yankees,Baseball America
2006,40,Anibal Sanchez,RHP,21.93,1984-02-27,Florida Marlins,Baseball America
2006,41,Anthony Reyes,RHP,24.3,1981-10-16,St. Louis Cardinals,Baseball America
2006,42,Russell Martin,C,22.96,1983-02-15,Los Angeles Dodgers,Baseball America
2006,43,Neil Walker,C,20.39,1985-09-10,Pittsburgh Pirates,Baseball America
2006,44,Mark Rogers,RHP,20.01,1986-01-30,Milwaukee Brewers,Baseball America
2006,45,Adam Loewen,LHP,21.82,1984-04-09,Baltimore Orioles,Baseball America
2006,46,Erick Aybar,SS,22.05,1984-01-14,Los Angeles Angels,Baseball America
2006,47,Adam Miller,RHP,21.18,1984-11-26,Cleveland Indians,Baseball America
2006,48,Dustin McGowan,RHP,23.86,1982-03-24,Toronto Blue Jays,Baseball America
2006,49,Ryan Braun,3B,22.21,1983-11-17,Milwaukee Brewers,Baseball America
2006,50,Andrew McCutchen,OF,19.31,1986-10-10,Pittsburgh Pirates,Baseball America
2006,51,Brian Anderson,OF,23.9,1982-03-11,Chicago White Sox,Baseball America
2006,52,Jason Hirsh,RHP,23.95,1982-02-20,Houston Astros,Baseball America
2006,53,Jeremy Sowers,LHP,22.71,1983-05-17,Cleveland Indians,Baseball America
2006,54,Craig Hansen,RHP,22.21,1983-11-15,Boston Red Sox,Baseball America
2006,55,Scott Elbert,LHP,20.47,1985-08-13,Los Angeles Dodgers,Baseball America
2006,56,Edinson Volquez,RHP,22.58,1983-07-03,Texas Rangers,Baseball America
2006,57,Jered Weaver,RHP,23.33,1982-10-04,Los Angeles Angels,Baseball America
2006,58,Jason Kubel,OF,23.69,1982-05-25,Minnesota Twins,Baseball America
2006,59,John Danks,LHP,20.8,1985-04-15,Texas Rangers,Baseball America
2006,60,Jeff Mathis,C,22.84,1983-03-31,Los Angeles Angels,Baseball America
2006,61,Elvis Andrus,SS,17.43,1988-08-26,Atlanta Braves,Baseball America
2006,62,Troy Patton,LHP,20.41,1985-09-03,Houston Astros,Baseball America
2006,63,Jonathan Broxton,RHP,21.63,1984-06-16,Los Angeles Dodgers,Baseball America
2006,64,Adam Jones,OF,20.5,1985-08-01,Seattle Mariners,Baseball America
2006,65,Marcus Sanders,SS,20.44,1985-08-25,San Francisco Giants,Baseball America
2006,66,Kenji Johjima,C,29.65,1976-06-08,Seattle Mariners,Baseball America
2006,67,Dustin Nippert,RHP,24.74,1981-05-06,Arizona Diamondbacks,Baseball America
2006,68,Cole Hamels,LHP,22.1,1983-12-27,Philadelphia Phillies,Baseball America
2006,69,Yusmeiro Petit,RHP,21.19,1984-11-22,Florida Marlins,Baseball America
2006,70,Jeff Niemann,RHP,22.93,1983-02-28,Tampa Bay Devil Rays,Baseball America
2006,71,Brad Snyder,OF,23.69,1982-05-25,Cleveland Indians,Baseball America
2006,72,Thomas Diamond,RHP,22.83,1983-04-06,Texas Rangers,Baseball America
2006,73,Gio Gonzalez,LHP,20.37,1985-09-19,Philadelphia Phillies,Baseball America
2006,74,Javier Herrera,OF,20.82,1985-04-09,Oakland Athletics,Baseball America
2006,75,Matt Moses,3B,20.95,1985-02-20,Minnesota Twins,Baseball America
2006,76,Jay Bruce,OF,18.83,1987-04-03,Cincinnati Reds,Baseball America
2006,77,Dustin Pedroia,2B,22.46,1983-08-17,Boston Red Sox,Baseball America
2006,78,Kendrys Morales,1B,22.62,1983-06-20,Los Angeles Angels,Baseball America
2006,79,Jason Hammel,RHP,23.42,1982-09-02,Tampa Bay Devil Rays,Baseball America
2006,80,Josh Johnson,RHP,22.0,1984-01-31,Florida Marlins,Baseball America
2006,81,Hayden Penn,RHP,21.3,1984-10-13,Baltimore Orioles,Baseball America
2006,82,Blake DeWitt,3B,20.45,1985-08-20,Los Angeles Dodgers,Baseball America
2006,83,Cliff Pennington,SS,21.63,1984-06-15,Oakland Athletics,Baseball America
2006,84,Justin Huber,1B,23.59,1982-07-01,Kansas City Royals,Baseball America
2006,85,Mark Pawelek,LHP,19.46,1986-08-18,Chicago Cubs,Baseball America
2006,86,Eric Duncan,3B,21.15,1984-12-07,New York Yankees,Baseball America
2006,87,Ricky Romero,LHP,21.24,1984-11-06,Toronto Blue Jays,Baseball America
2006,88,Cesar Carrillo,RHP,21.76,1984-04-29,San Diego Padres,Baseball America
2006,89,Andre Ethier,OF,23.81,1982-04-10,Los Angeles Dodgers,Baseball America
2006,90,Nick Adenhart,RHP,19.44,1986-08-24,Los Angeles Angels,Baseball America
2006,91,Glen Perkins,LHP,22.92,1983-03-02,Minnesota Twins,Baseball America
2006,92,Ryan Sweeney,OF,20.95,1985-02-20,Chicago White Sox,Baseball America
2006,93,Anthony Lerew,RHP,23.26,1982-10-28,Atlanta Braves,Baseball America
2006,94,Ronny Cedeno,SS,23.0,1983-02-02,Chicago Cubs,Baseball America
2006,95,Tom Gorzelanny,LHP,23.56,1982-07-12,Pittsburgh Pirates,Baseball America
2006,96,Matt Kemp,OF,21.36,1984-09-23,Los Angeles Dodgers,Baseball America
2006,97,Chris Volstad,RHP,19.36,1986-09-23,Florida Marlins,Baseball America
2006,98,Chuck James,LHP,24.23,1981-11-09,Atlanta Braves,Baseball America
2006,99,Nolan Reimold,OF,22.31,1983-10-12,Baltimore Orioles,Baseball America
2006,100,Anthony Swarzak,RHP,20.39,1985-09-10,Minnesota Twins,Baseball America
2007,1,Daisuke Matsuzaka,RHP,26.38,1980-09-13,Red Sox,Baseball America
2007,2,Alex Gordon,3B,22.98,1984-02-10,Royals,Baseball America
2007,3,Delmon Young,OF,21.38,1985-09-14,Devil Rays,Baseball America
2007,4,Philip Hughes,RHP,20.61,1986-06-24,Yankees,Baseball America
2007,5,Homer Bailey,RHP,20.75,1986-05-03,Reds,Baseball America
2007,6,Cameron Maybin,OF,19.83,1987-04-04,Tigers,Baseball America
2007,7,Evan Longoria,3B,21.32,1985-10-07,Devil Rays,Baseball America
2007,8,Brandon Wood,SS,21.92,1985-03-02,Angels,Baseball America
2007,9,Justin Upton,OF,19.44,1987-08-25,Diamondbacks,Baseball America
2007,10,Andrew Miller,LHP,21.7,1985-05-21,Tigers,Baseball America
2007,11,Tim Lincecum,RHP,22.63,1984-06-15,Giants,Baseball America
2007,12,Chris Young,OF,23.41,1983-09-05,Diamondbacks,Baseball America
2007,13,Andrew McCutchen,OF,20.31,1986-10-10,Pirates,Baseball America
2007,14,Jay Bruce,OF,19.83,1987-04-03,Reds,Baseball America
2007,15,Troy Tulowitzki,SS,22.31,1984-10-10,Rockies,Baseball America
2007,16,Yovani Gallardo,RHP,20.93,1986-02-27,Brewers,Baseball America
2007,17,Reid Brignac,SS,21.04,1986-01-16,Devil Rays,Baseball America
2007,18,Carlos Gonzalez,OF,21.29,1985-10-17,Diamondbacks,Baseball America
2007,19,Andy LaRoche,3B,23.39,1983-09-13,Dodgers,Baseball America
2007,20,Mike Pelfrey,RHP,23.05,1984-01-14,Mets,Baseball America
2007,21,Matt Garza,RHP,23.18,1983-11-26,Twins,Baseball America
2007,22,Fernando Martinez,OF,18.31,1988-10-10,Mets,Baseball America
2007,23,Adam Miller,RHP,22.18,1984-11-26,Indians,Baseball America
2007,24,Clayton Kershaw,LHP,18.87,1988-03-19,Dodgers,Baseball America
2007,25,Billy Butler,OF,20.79,1986-04-18,Royals,Baseball America
2007,26,Ryan Braun,3B,23.21,1983-11-17,Brewers,Baseball America
2007,27,Jose Tabata,OF,18.47,1988-08-12,Yankees,Baseball America
2007,28,Adam Jones,OF,21.5,1985-08-01,Mariners,Baseball America
2007,29,Colby Rasmus,OF,20.48,1986-08-11,Cardinals,Baseball America
2007,30,Franklin Morales,LHP,21.02,1986-01-24,Rockies,Baseball America
2007,31,Scott Elbert,LHP,21.47,1985-08-13,Dodgers,Baseball America
2007,32,Luke Hochevar,RHP,23.38,1983-09-15,Royals,Baseball America
2007,33,Jacoby Ellsbury,OF,23.39,1983-09-11,Red Sox,Baseball America
2007,34,Nick Adenhart,RHP,20.44,1986-08-24,Angels,Baseball America
2007,35,Jeff Niemann,RHP,23.93,1983-02-28,Devil Rays,Baseball America
2007,36,Jarrod Saltalamacchia,C,21.75,1985-05-02,Braves,Baseball America
2007,37,Jacob McGee,LHP,20.49,1986-08-06,Devil Rays,Baseball America
2007,38,Hunter Pence,OF,23.81,1983-04-13,Astros,Baseball America
2007,39,Adam Lind,OF,23.55,1983-07-17,Blue Jays,Baseball America
2007,40,Chris Volstad,RHP,20.36,1986-09-23,Marlins,Baseball America
2007,41,Carlos Carrasco,RHP,19.87,1987-03-21,Phillies,Baseball America
2007,42,Jason Hirsh,RHP,24.95,1982-02-20,Rockies,Baseball America
2007,43,Joey Votto,1B,23.39,1983-09-10,Reds,Baseball America
2007,44,James Loney,1B,22.74,1984-05-07,Dodgers,Baseball America
2007,45,Josh Fields,3B,24.13,1982-12-14,White Sox,Baseball America
2007,46,Ian Stewart,3B,21.83,1985-04-05,Rockies,Baseball America
2007,47,Bill Rowell,3B,18.39,1988-09-10,Orioles,Baseball America
2007,48,Dexter Fowler,OF,20.87,1986-03-22,Rockies,Baseball America
2007,49,Felix Pie,OF,21.98,1985-02-08,Cubs,Baseball America
2007,50,Travis Buck,OF,23.21,1983-11-18,Athletics,Baseball America
2007,51,Clay Buchholz,RHP,22.47,1984-08-14,Red Sox,Baseball America
2007,52,Donald Veal,LHP,22.37,1984-09-18,Cubs,Baseball America
2007,53,Travis Snider,OF,19.0,1988-02-02,Blue Jays,Baseball America
2007,54,Chuck Lofgren,LHP,21.01,1986-01-29,Indians,Baseball America
2007,55,Ryan Sweeney,OF,21.95,1985-02-20,White Sox,Baseball America
2007,56,John Danks,LHP,21.8,1985-04-15,White Sox,Baseball America
2007,57,Humberto Sanchez,RHP,23.68,1983-05-28,Yankees,Baseball America
2007,58,Troy Patton,LHP,21.41,1985-09-03,Astros,Baseball America
2007,59,Jonathan Sanchez,LHP,24.2,1982-11-19,Giants,Baseball America
2007,60,Carlos Gomez,OF,21.16,1985-12-04,Mets,Baseball America
2007,61,Erick Aybar,SS,23.05,1984-01-14,Angels,Baseball America
2007,62,Jeff Clement,C,23.45,1983-08-21,Mariners,Baseball America
2007,63,Miguel Montero,C,23.57,1983-07-09,Diamondbacks,Baseball America
2007,64,Trevor Crowe,OF,23.21,1983-11-17,Indians,Baseball America
2007,65,Elvis Andrus,SS,18.43,1988-08-26,Braves,Baseball America
2007,66,Glen Perkins,LHP,23.92,1983-03-02,Twins,Baseball America
2007,67,Daric Barton,1B,21.46,1985-08-16,Athletics,Baseball America
2007,68,Eric Hurley,RHP,21.37,1985-09-17,Rangers,Baseball America
2007,69,Brad Lincoln,RHP,21.69,1985-05-25,Pirates,Baseball America
2007,70,Jaime Garcia,LHP,20.57,1986-07-08,Cardinals,Baseball America
2007,71,Kevin Slowey,RHP,22.75,1984-05-04,Twins,Baseball America
2007,72,Gio Gonzalez,LHP,21.37,1985-09-19,White Sox,Baseball America
2007,73,Philip Humber,RHP,24.11,1982-12-21,Mets,Baseball America
2007,74,Neil Walker,3B,21.39,1985-09-10,Pirates,Baseball America
2007,75,Joba Chamberlain,RHP,21.36,1985-09-23,Yankees,Baseball America
2007,76,Greg Reynolds,RHP,21.58,1985-07-03,Rockies,Baseball America
2007,77,Brett Sinkbeil,RHP,22.1,1984-12-26,Marlins,Baseball America
2007,78,Brandon Erbe,RHP,19.1,1987-12-25,Orioles,Baseball America
2007,79,Elijah Dukes,OF,22.6,1984-06-26,Devil Rays,Baseball America
2007,80,Jeff Samardzija,RHP,22.02,1985-01-23,Cubs,Baseball America
2007,81,Daniel Bard,RHP,21.6,1985-06-25,Red Sox,Baseball America
2007,82,Alberto Callaspo,2B,23.79,1983-04-19,Diamondbacks,Baseball America
2007,83,Michael Bowden,RHP,20.4,1986-09-09,Red Sox,Baseball America
2007,84,Ubaldo Jimenez,RHP,23.03,1984-01-22,Rockies,Baseball America
2007,85,Matt Albers,RHP,24.03,1983-01-20,Astros,Baseball America
2007,86,Brian Barton,OF,24.77,1982-04-25,Indians,Baseball America
2007,87,Brandon Morrow,RHP,22.52,1984-07-26,Mariners,Baseball America
2007,88,Drew Stubbs,OF,22.33,1984-10-04,Reds,Baseball America
2007,89,Kurt Suzuki,C,23.33,1983-10-04,Athletics,Baseball America
2007,90,Matt Harrison,LHP,21.38,1985-09-16,Braves,Baseball America
2007,91,Will Inman,RHP,19.99,1987-02-06,Brewers,Baseball America
2007,92,Chris Iannetta,C,23.82,1983-04-08,Rockies,Baseball America
2007,93,Brent Lillibridge,SS,23.37,1983-09-18,Braves,Baseball America
2007,94,Chris Parmelee,OF/1B,18.94,1988-02-24,Twins,Baseball America
2007,95,Collin Balester,RHP,20.66,1986-06-06,Nationals,Baseball America
2007,96,Sean West,LHP,20.63,1986-06-15,Marlins,Baseball America
2007,97,Wade Davis,RHP,21.4,1985-09-07,Devil Rays,Baseball America
2007,98,Micah Owings,RHP,24.34,1982-09-28,Diamondbacks,Baseball America
2007,99,Pedro Beato,RHP,20.27,1986-10-27,Orioles,Baseball America
2007,100,Dellin Betances,RHP,18.86,1988-03-23,Yankees,Baseball America
2008,1,Jay Bruce,OF,20.83,1987-04-03,Reds,Baseball America
2008,2,Evan Longoria,3B,22.32,1985-10-07,Rays,Baseball America
2008,3,Joba Chamberlain,RHP,22.36,1985-09-23,Yankees,Baseball America
2008,4,Clay Buchholz,RHP,23.47,1984-08-14,Red Sox,Baseball America
2008,5,Colby Rasmus,OF,21.48,1986-08-11,Cardinals,Baseball America
2008,6,Cameron Maybin,OF,20.83,1987-04-04,Marlins,Baseball America
2008,7,Clayton Kershaw,LHP,19.87,1988-03-19,Dodgers,Baseball America
2008,8,Franklin Morales,LHP,22.02,1986-01-24,Rockies,Baseball America
2008,9,Homer Bailey,RHP,21.75,1986-05-03,Reds,Baseball America
2008,10,David Price,LHP,22.43,1985-08-26,Rays,Baseball America
2008,11,Travis Snider,OF,20.0,1988-02-02,Blue Jays,Baseball America
2008,12,Matt Wieters,C,21.7,1986-05-21,Orioles,Baseball America
2008,13,Jacoby Ellsbury,OF,24.39,1983-09-11,Red Sox,Baseball America
2008,14,Andrew McCutchen,OF,21.31,1986-10-10,Pirates,Baseball America
2008,15,Jake McGee,LHP,21.49,1986-08-06,Rays,Baseball America
2008,16,Brandon Wood,3B/SS,22.92,1985-03-02,Angels,Baseball America
2008,17,Wade Davis,RHP,22.4,1985-09-07,Rays,Baseball America
2008,18,Mike Moustakas,SS,19.39,1988-09-11,Royals,Baseball America
2008,19,Elvis Andrus,SS,19.43,1988-08-26,Rangers,Baseball America
2008,20,Fernando Martinez,OF,19.31,1988-10-10,Mets,Baseball America
2008,21,Rick Porcello,RHP,19.1,1988-12-27,Tigers,Baseball America
2008,22,Carlos Gonzalez,OF,22.29,1985-10-17,Athletics,Baseball America
2008,23,Matt LaPorta,OF,23.06,1985-01-08,Brewers,Baseball America
2008,24,Nick Adenhart,RHP,21.44,1986-08-24,Angels,Baseball America
2008,25,Jordan Schafer,OF,21.41,1986-09-04,Braves,Baseball America
2008,26,Gio Gonzalez,LHP,22.37,1985-09-19,Athletics,Baseball America
2008,27,Chris Marrero,1B/OF,19.58,1988-07-02,Nationals,Baseball America
2008,28,Jason Heyward,OF,18.48,1989-08-09,Braves,Baseball America
2008,29,Adam Miller,RHP,23.18,1984-11-26,Indians,Baseball America
2008,30,Kosuke Fukudome,OF,30.77,1977-04-26,Cubs,Baseball America
2008,31,Andy LaRoche,3B,24.39,1983-09-13,Dodgers,Baseball America
2008,32,Chase Headley,3B/OF,23.73,1984-05-09,Padres,Baseball America
2008,33,Angel Villalona,3B/1B,17.47,1990-08-13,Giants,Baseball America
2008,34,Johnny Cueto,RHP,21.96,1986-02-15,Reds,Baseball America
2008,35,Deolis Guerra,RHP,18.79,1989-04-17,Twins,Baseball America
2008,36,Brett Anderson,LHP,20.0,1988-02-01,Athletics,Baseball America
2008,37,Jose Tabata,OF,19.47,1988-08-12,Yankees,Baseball America
2008,38,Ian Stewart,3B,22.83,1985-04-05,Rockies,Baseball America
2008,39,Reid Brignac,SS,22.04,1986-01-16,Rays,Baseball America
2008,40,Lars Anderson,1B,20.35,1987-09-25,Red Sox,Baseball America
2008,41,Austin Jackson,OF,21.0,1987-02-01,Yankees,Baseball America
2008,42,Jeff Clement,C,24.45,1983-08-21,Mariners,Baseball America
2008,43,Josh Vitters,3B,18.43,1989-08-27,Cubs,Baseball America
2008,44,Joey Votto,1B,24.39,1983-09-10,Reds,Baseball America
2008,45,Ian Kennedy,RHP,23.12,1984-12-19,Yankees,Baseball America
2008,46,Jarrod Parker,RHP,19.19,1988-11-24,Diamondbacks,Baseball America
2008,47,Geovany Soto,C,25.03,1983-01-20,Cubs,Baseball America
2008,48,Daric Barton,1B,22.46,1985-08-16,Athletics,Baseball America
2008,49,Jair Jurrjens,RHP,22.01,1986-01-29,Braves,Baseball America
2008,50,Matt Antonelli,2B,22.82,1985-04-08,Padres,Baseball America
2008,51,Ross Detwiler,LHP,21.91,1986-03-06,Nationals,Baseball America
2008,52,Carlos Gomez,OF,22.16,1985-12-04,Twins,Baseball America
2008,53,J.R. Towles,C,23.97,1984-02-11,Astros,Baseball America
2008,54,Carlos Carrasco,RHP,20.87,1987-03-21,Phillies,Baseball America
2008,55,Chin-Lung Hu,SS,24.0,1984-02-02,Dodgers,Baseball America
2008,56,Nick Blackburn,RHP,25.94,1982-02-24,Twins,Baseball America
2008,57,Daniel Cortes,RHP,20.91,1987-03-04,Royals,Baseball America
2008,58,Chris Volstad,RHP,21.36,1986-09-23,Marlins,Baseball America
2008,59,Desmond Jennings,OF,21.26,1986-10-30,Rays,Baseball America
2008,60,Fautino de los Santos,RHP,21.96,1986-02-15,Athletics,Baseball America
2008,61,Neil Walker,3B,22.39,1985-09-10,Pirates,Baseball America
2008,62,Carlos Triunfel,SS,17.93,1990-02-27,Mariners,Baseball America
2008,63,Luke Hochevar,RHP,24.38,1983-09-15,Royals,Baseball America
2008,64,Justin Masterson,RHP,22.86,1985-03-22,Red Sox,Baseball America
2008,65,Chris Davis,3B/1B,21.88,1986-03-17,Rangers,Baseball America
2008,66,Max Scherzer,RHP,23.52,1984-07-27,Diamondbacks,Baseball America
2008,67,Chris Tillman,RHP,19.8,1988-04-15,Orioles,Baseball America
2008,68,Brett Sinkbeil,RHP,23.1,1984-12-26,Marlins,Baseball America
2008,69,Radhames Liz,RHP,24.32,1983-10-06,Orioles,Baseball America
2008,70,Brandon Jones,OF,24.15,1983-12-10,Braves,Baseball America
2008,71,Chuck Lofgren,LHP,22.01,1986-01-29,Indians,Baseball America
2008,72,Manny Parra,LHP,25.26,1982-10-30,Brewers,Baseball America
2008,73,Jed Lowrie,SS,23.79,1984-04-17,Red Sox,Baseball America
2008,74,Dexter Fowler,OF,21.86,1986-03-22,Rockies,Baseball America
2008,75,Tyler Colvin,OF,22.41,1985-09-05,Cubs,Baseball America
2008,76,Adrian Cardenas,2B,20.31,1987-10-10,Phillies,Baseball America
2008,77,Eric Hurley,RHP,22.37,1985-09-17,Rangers,Baseball America
2008,78,Troy Patton,LHP,22.41,1985-09-03,Orioles,Baseball America
2008,79,Hank Conger,C,20.01,1988-01-29,Angels,Baseball America
2008,80,Taylor Teagarden,C,24.11,1983-12-21,Rangers,Baseball America
2008,81,Jordan Walden,RHP,20.21,1987-11-16,Angels,Baseball America
2008,82,Sean Gallagher,RHP,22.09,1985-12-30,Cubs,Baseball America
2008,83,Phillippe Aumont,RHP,19.07,1989-01-07,Mariners,Baseball America
2008,84,Tim Alderson,RHP,19.24,1988-11-03,Giants,Baseball America
2008,85,Bryan Anderson,C,21.13,1986-12-16,Cardinals,Baseball America
2008,86,Collin Balester,RHP,21.66,1986-06-06,Nationals,Baseball America
2008,87,Beau Mills,3B/1B,21.46,1986-08-15,Indians,Baseball America
2008,88,Scott Elbert,LHP,22.47,1985-08-13,Dodgers,Baseball America
2008,89,Steve Pearce,1B/OF,24.8,1983-04-13,Pirates,Baseball America
2008,90,Joe Savery,LHP,22.24,1985-11-04,Phillies,Baseball America
2008,91,Nolan Reimold,OF,24.31,1983-10-12,Orioles,Baseball America
2008,92,Gorkys Hernandez,OF,20.4,1987-09-07,Braves,Baseball America
2008,93,Neftali Feliz,RHP,19.75,1988-05-02,Rangers,Baseball America
2008,94,Michael Bowden,RHP,21.4,1986-09-09,Red Sox,Baseball America
2008,95,Hector Gomez,SS,19.91,1988-03-05,Rockies,Baseball America
2008,96,Ryan Kalish,OF,19.85,1988-03-28,Red Sox,Baseball America
2008,97,Chris Perez,RHP,22.59,1985-07-01,Cardinals,Baseball America
2008,98,Greg Reynolds,RHP,22.58,1985-07-03,Rockies,Baseball America
2008,99,Jeff Niemann,RHP,24.93,1983-02-28,Rays,Baseball America
2008,100,Drew Stubbs,OF,23.33,1984-10-04,Reds,Baseball America
2009,1,Matt Wieters,C,22.7,1986-05-21,Orioles,Baseball America
2009,2,David Price,LHP,23.44,1985-08-26,Rays,Baseball America
2009,3,Colby Rasmus,OF,22.48,1986-08-11,Cardinals,Baseball America
2009,4,Tommy Hanson,RHP,22.43,1986-08-28,Braves,Baseball America
2009,5,Jason Heyward,OF,19.48,1989-08-09,Braves,Baseball America
2009,6,Travis Snider,OF,21.0,1988-02-02,Blue Jays,Baseball America
2009,7,Brett Anderson,LHP,21.0,1988-02-01,Athletics,Baseball America
2009,8,Cameron Maybin,OF,21.83,1987-04-04,Marlins,Baseball America
2009,9,Madison Bumgarner,LHP,19.5,1989-08-01,Giants,Baseball America
2009,10,Neftali Feliz,RHP,20.75,1988-05-02,Rangers,Baseball America
2009,11,Trevor Cahill,RHP,20.92,1988-03-01,Athletics,Baseball America
2009,12,Pedro Alvarez,3B,21.99,1987-02-06,Pirates,Baseball America
2009,13,Mike Moustakas,3B,20.39,1988-09-11,Royals,Baseball America
2009,14,Buster Posey,C,21.85,1987-03-27,Giants,Baseball America
2009,15,Dexter Fowler,OF,22.87,1986-03-22,Rockies,Baseball America
2009,16,Mike Stanton,OF,19.23,1989-11-08,Marlins,Baseball America
2009,17,Lars Anderson,1B,21.36,1987-09-25,Red Sox,Baseball America
2009,18,Logan Morrison,1B,21.44,1987-08-25,Marlins,Baseball America
2009,19,Alcides Escobar,SS,22.13,1986-12-16,Brewers,Baseball America
2009,20,Gordon Beckham,SS,22.38,1986-09-16,White Sox,Baseball America
2009,21,Rick Porcello,RHP,20.1,1988-12-27,Tigers,Baseball America
2009,22,Chris Tillman,RHP,20.8,1988-04-15,Orioles,Baseball America
2009,23,Justin Smoak,1B,22.16,1986-12-05,Rangers,Baseball America
2009,24,Eric Hosmer,1B,19.27,1989-10-24,Royals,Baseball America
2009,25,Brian Matusz,LHP,21.97,1987-02-11,Orioles,Baseball America
2009,26,Carlos Santana,C,22.82,1986-04-08,Indians,Baseball America
2009,27,Matt LaPorta,OF/1B,24.07,1985-01-08,Indians,Baseball America
2009,28,Tim Beckham,SS,19.01,1990-01-27,Rays,Baseball America
2009,29,Jarrod Parker,RHP,20.19,1988-11-24,Diamondbacks,Baseball America
2009,30,Fernando Martinez,OF,20.31,1988-10-10,Mets,Baseball America
2009,31,Derek Holland,LHP,22.32,1986-10-09,Rangers,Baseball America
2009,32,Wade Davis,RHP,23.4,1985-09-07,Rays,Baseball America
2009,33,Andrew McCutchen,OF,22.31,1986-10-10,Pirates,Baseball America
2009,34,Mat Gamel,3B,23.52,1985-07-26,Brewers,Baseball America
2009,35,Yonder Alonso,1B,21.82,1987-04-08,Reds,Baseball America
2009,36,Austin Jackson,OF,22.0,1987-02-01,Yankees,Baseball America
2009,37,Elvis Andrus,SS,20.44,1988-08-26,Rangers,Baseball America
2009,38,Jesus Montero,C,19.18,1989-11-28,Yankees,Baseball America
2009,39,Aaron Hicks,OF,19.33,1989-10-02,Twins,Baseball America
2009,40,Brett Wallace,3B,22.44,1986-08-26,Cardinals,Baseball America
2009,41,Jordan Zimmermann,RHP,22.7,1986-05-23,Nationals,Baseball America
2009,42,Jordan Schafer,OF,22.41,1986-09-04,Braves,Baseball America
2009,43,J.P. Arencibia,C,23.07,1986-01-05,Blue Jays,Baseball America
2009,44,Angel Villalona,1B,18.47,1990-08-13,Giants,Baseball America
2009,45,Tim Alderson,RHP,20.25,1988-11-03,Giants,Baseball America
2009,46,Jhoulys Chacin,RHP,21.07,1988-01-07,Rockies,Baseball America
2009,47,Wilmer Flores,SS,17.49,1991-08-06,Mets,Baseball America
2009,48,Dominic Brown,OF,21.42,1987-09-03,Phillies,Baseball America
2009,49,Andrew Lambo,OF,20.48,1988-08-11,Dodgers,Baseball America
2009,50,Kyle Blanks,1B,22.39,1986-09-11,Padres,Baseball America
2009,51,Josh Vitters,3B,19.43,1989-08-27,Cubs,Baseball America
2009,52,Carlos Carrasco,RHP,21.87,1987-03-21,Phillies,Baseball America
2009,53,Jason Castro,C,21.63,1987-06-18,Astros,Baseball America
2009,54,Michael Inoa,RHP,17.36,1991-09-24,Athletics,Baseball America
2009,55,Aaron Cunningham,OF,22.78,1986-04-24,Athletics,Baseball America
2009,56,James McDonald,RHP,24.29,1984-10-19,Dodgers,Baseball America
2009,57,Greg Halman,OF,21.44,1987-08-26,Mariners,Baseball America
2009,58,Nick Weglarz,OF,21.13,1987-12-16,Indians,Baseball America
2009,59,Ben Revere,OF,20.75,1988-05-03,Twins,Baseball America
2009,60,Todd Frazier,SS/3B/1B,22.97,1986-02-12,Reds,Baseball America
2009,61,Dayan Viciedo,3B/OF,19.9,1989-03-10,White Sox,Baseball America
2009,62,Gorkys Hernandez,OF,21.4,1987-09-07,Braves,Baseball America
2009,63,Aaron Poreda,LHP,22.34,1986-10-01,White Sox,Baseball America
2009,64,Matt Dominguez,3B,19.43,1989-08-28,Marlins,Baseball America
2009,65,Michael Saunders,OF,22.2,1986-11-19,Mariners,Baseball America
2009,66,Lou Marson,C,22.6,1986-06-26,Phillies,Baseball America
2009,67,Jake Arrieta,RHP,22.91,1986-03-06,Orioles,Baseball America
2009,68,Nick Adenhart,RHP,22.44,1986-08-24,Angels,Baseball America
2009,69,Jason Donald,SS,24.41,1984-09-04,Phillies,Baseball America
2009,70,Jordan Walden,RHP,21.21,1987-11-16,Angels,Baseball America
2009,71,Wilson Ramos,C,21.48,1987-08-10,Twins,Baseball America
2009,72,Brett Cecil,LHP,22.59,1986-07-02,Blue Jays,Baseball America
2009,73,Taylor Teagarden,C,25.12,1983-12-21,Rangers,Baseball America
2009,74,Adrian Cardenas,SS/2B,21.31,1987-10-10,Athletics,Baseball America
2009,75,Jose Tabata,OF,20.47,1988-08-12,Pirates,Baseball America
2009,76,Chris Carter,1B/3B/OF,22.12,1986-12-18,Athletics,Baseball America
2009,77,Jonathon Niese,LHP,22.27,1986-10-27,Mets,Baseball America
2009,78,Reid Brignac,SS,23.04,1986-01-16,Rays,Baseball America
2009,79,Jeff Samardzija,RHP,24.02,1985-01-23,Cubs,Baseball America
2009,80,Desmond Jennings,OF,22.26,1986-10-30,Rays,Baseball America
2009,81,Brett Lawrie,C/3B,19.04,1990-01-18,Brewers,Baseball America
2009,82,Adam Miller,RHP,24.18,1984-11-26,Indians,Baseball America
2009,83,Michael Bowden,RHP,22.4,1986-09-09,Red Sox,Baseball America
2009,84,Max Ramirez,C,24.31,1984-10-11,Rangers,Baseball America
2009,85,Kyle Skipworth,C,18.92,1990-03-01,Marlins,Baseball America
2009,86,Martin Perez,LHP,17.83,1991-04-04,Rangers,Baseball America
2009,87,Freddie Freeman,1B,19.39,1989-09-12,Braves,Baseball America
2009,88,Gerardo Parra,OF,21.74,1987-05-06,Diamondbacks,Baseball America
2009,89,Carlos Triunfel,SS/2B,18.93,1990-02-27,Mariners,Baseball America
2009,90,Daniel Cortes,RHP,21.92,1987-03-04,Royals,Baseball America
2009,91,Chris Perez,RHP,23.59,1985-07-01,Cardinals,Baseball America
2009,92,Andrew Brackman,RHP,23.16,1985-12-04,Yankees,Baseball America
2009,93,Phillippe Aumont,RHP,20.07,1989-01-07,Mariners,Baseball America
2009,94,Brad Holt,RHP,22.31,1986-10-13,Mets,Baseball America
2009,95,Christian Friedrich,LHP,21.57,1987-07-08,Rockies,Baseball America
2009,96,Sean West,LHP,22.63,1986-06-15,Marlins,Baseball America
2009,97,Gio Gonzalez,LHP,23.37,1985-09-19,Athletics,Baseball America
2009,98,Daniel Bard,RHP,23.61,1985-06-25,Red Sox,Baseball America
2009,99,Tyler Flowers,C,23.02,1986-01-24,White Sox,Baseball America
2009,100,Jeremy Jeffress,RHP,21.37,1987-09-21,Brewers,Baseball America
2010,1,Jason Heyward,OF,20.48,1989-08-09,Braves,Baseball America
2010,2,Stephen Strasburg,RHP,21.54,1988-07-20,Nationals,Baseball America
2010,3,Mike Stanton,OF,20.23,1989-11-08,Marlins,Baseball America
2010,4,Jesus Montero,C,20.18,1989-11-28,Yankees,Baseball America
2010,5,Brian Matusz,LHP,22.97,1987-02-11,Orioles,Baseball America
2010,6,Desmond Jennings,OF,23.26,1986-10-30,Rays,Baseball America
2010,7,Buster Posey,C,22.85,1987-03-27,Giants,Baseball America
2010,8,Pedro Alvarez,3B,22.99,1987-02-06,Pirates,Baseball America
2010,9,Neftali Feliz,RHP,21.75,1988-05-02,Rangers,Baseball America
2010,10,Carlos Santana,C,23.82,1986-04-08,Indians,Baseball America
2010,11,Dustin Ackley,OF/1B/2B,21.93,1988-02-26,Mariners,Baseball America
2010,12,Alcides Escobar,SS,23.13,1986-12-16,Brewers,Baseball America
2010,13,Justin Smoak,1B,23.16,1986-12-05,Rangers,Baseball America
2010,14,Madison Bumgarner,LHP,20.5,1989-08-01,Giants,Baseball America
2010,15,Domonic Brown,OF,22.41,1987-09-03,Phillies,Baseball America
2010,16,Starlin Castro,SS,19.86,1990-03-24,Cubs,Baseball America
2010,17,Martin Perez,LHP,18.83,1991-04-04,Rangers,Baseball America
2010,18,Jeremy Hellickson,RHP,22.82,1987-04-08,Rays,Baseball America
2010,19,Aaron Hicks,OF,20.33,1989-10-02,Twins,Baseball America
2010,20,Logan Morrison,1B,22.44,1987-08-25,Marlins,Baseball America
2010,21,Ryan Westmoreland,OF,19.77,1990-04-27,Red Sox,Baseball America
2010,22,Aroldis Chapman,LHP,21.93,1988-02-28,Reds,Baseball America
2010,23,Tyler Matzek,LHP,19.29,1990-10-19,Rockies,Baseball America
2010,24,Casey Kelly,RHP,20.33,1989-10-04,Red Sox,Baseball America
2010,25,Kyle Drabek,RHP,22.15,1987-12-08,Blue Jays,Baseball America
2010,26,Jacob Turner,RHP,18.7,1991-05-21,Tigers,Baseball America
2010,27,Brett Wallace,3B/1B,23.44,1986-08-26,Blue Jays,Baseball America
2010,28,Chris Carter,OF/1B,23.12,1986-12-18,Athletics,Baseball America
2010,29,Michael Taylor,OF,24.12,1985-12-19,Athletics,Baseball America
2010,30,Michael Saunders,OF,23.2,1986-11-19,Mariners,Baseball America
2010,31,Lonnie Chisenhall,3B,21.33,1988-10-04,Indians,Baseball America
2010,32,Freddie Freeman,1B,20.39,1989-09-12,Braves,Baseball America
2010,33,Christian Friedrich,LHP,22.57,1987-07-08,Rockies,Baseball America
2010,34,Wade Davis,RHP,24.4,1985-09-07,Rays,Baseball America
2010,35,Matt Moore,LHP,20.62,1989-06-18,Rays,Baseball America
2010,36,Jarrod Parker,RHP,21.19,1988-11-24,Diamondbacks,Baseball America
2010,37,Josh Bell,3B,23.22,1986-11-13,Orioles,Baseball America
2010,38,Derek Norris,C,20.96,1989-02-14,Nationals,Baseball America
2010,39,Mike Montgomery,LHP,20.59,1989-07-01,Royals,Baseball America
2010,40,Aaron Crow,RHP,23.23,1986-11-10,Royals,Baseball America
2010,41,Jason Castro,C,22.63,1987-06-18,Astros,Baseball America
2010,42,Tanner Scheppers,RHP,23.04,1987-01-17,Rangers,Baseball America
2010,43,Todd Frazier,OF/2B/3B,23.97,1986-02-12,Reds,Baseball America
2010,44,Nick Hagadone,LHP,24.08,1986-01-01,Indians,Baseball America
2010,45,Yonder Alonso,1B,22.82,1987-04-08,Reds,Baseball America
2010,46,Dee Gordon,SS,21.78,1988-04-22,Dodgers,Baseball America
2010,47,Casey Crosby,LHP,21.37,1988-09-17,Tigers,Baseball America
2010,48,Chris Withrow,RHP,20.84,1989-04-01,Dodgers,Baseball America
2010,49,Zack Wheeler,RHP,19.68,1990-05-30,Giants,Baseball America
2010,50,Shelby Miller,RHP,19.31,1990-10-10,Cardinals,Baseball America
2010,51,Julio Teheran,RHP,19.01,1991-01-27,Braves,Baseball America
2010,52,Grant Green,SS,22.35,1987-09-27,Athletics,Baseball America
2010,53,Donavan Tate,OF,19.35,1990-09-27,Padres,Baseball America
2010,54,Reid Brignac,SS,24.04,1986-01-16,Rays,Baseball America
2010,55,Jared Mitchell,OF,21.3,1988-10-13,White Sox,Baseball America
2010,56,Jenrry Mejia,RHP,20.31,1989-10-11,Mets,Baseball America
2010,57,Simon Castro,RHP,21.82,1988-04-09,Padres,Baseball America
2010,58,Wilson Ramos,C,22.48,1987-08-10,Twins,Baseball America
2010,59,Brett Lawrie,2B,20.04,1990-01-18,Brewers,Baseball America
2010,60,Tyler Flowers,C,24.02,1986-01-24,White Sox,Baseball America
2010,61,Kyle Gibson,RHP,22.28,1987-10-23,Twins,Baseball America
2010,62,Ike Davis,1B,22.87,1987-03-22,Mets,Baseball America
2010,63,Zach Britton,LHP,22.11,1987-12-22,Orioles,Baseball America
2010,64,Jason Knapp,RHP,19.42,1990-08-31,Indians,Baseball America
2010,65,Alex White,RHP,21.43,1988-08-29,Indians,Baseball America
2010,66,Dan Hudson,RHP,22.9,1987-03-09,White Sox,Baseball America
2010,67,Tim Beckham,SS,20.01,1990-01-27,Rays,Baseball America
2010,68,Alex Colome,RHP,21.09,1988-12-31,Rays,Baseball America
2010,69,Arodys Vizcaino,RHP,19.22,1990-11-13,Braves,Baseball America
2010,70,Josh Vitters,3B,20.43,1989-08-27,Cubs,Baseball America
2010,71,Jhoulys Chacin,RHP,22.07,1988-01-07,Rockies,Baseball America
2010,72,Mike Leake,RHP,22.22,1987-11-12,Reds,Baseball America
2010,73,Jiovanni Mier,SS,19.44,1990-08-26,Astros,Baseball America
2010,74,Brett Jackson,OF,21.5,1988-08-02,Cubs,Baseball America
2010,75,Josh Reddick,OF,22.95,1987-02-19,Red Sox,Baseball America
2010,76,Austin Jackson,OF,23.0,1987-02-01,Tigers,Baseball America
2010,77,Fernando Martinez,OF,21.31,1988-10-10,Mets,Baseball America
2010,78,Chad James,LHP,19.03,1991-01-23,Marlins,Baseball America
2010,79,Tony Sanchez,C,21.7,1988-05-20,Pirates,Baseball America
2010,80,Mike Moustakas,3B,21.39,1988-09-11,Royals,Baseball America
2010,81,Travis d'Arnaud,C,20.97,1989-02-10,Blue Jays,Baseball America
2010,82,Jaff Decker,OF,19.94,1990-02-23,Padres,Baseball America
2010,83,Adam Moore,C,25.74,1984-05-08,Mariners,Baseball America
2010,84,Hank Conger,C,22.01,1988-01-29,Angels,Baseball America
2010,85,Mike Trout,OF,18.49,1991-08-07,Angels,Baseball America
2010,86,Austin Romine,C,21.19,1988-11-22,Yankees,Baseball America
2010,87,Lars Anderson,1B,22.35,1987-09-25,Red Sox,Baseball America
2010,88,Wilmer Flores,SS,18.49,1991-08-06,Mets,Baseball America
2010,89,Mat Gamel,3B,24.52,1985-07-26,Brewers,Baseball America
2010,90,James Darnell,3B,23.04,1987-01-19,Padres,Baseball America
2010,91,Jordan Lyles,RHP,19.29,1990-10-19,Astros,Baseball America
2010,92,Drew Storen,RHP,22.48,1987-08-11,Nationals,Baseball America
2010,93,Phillippe Aumont,RHP,21.07,1989-01-07,Phillies,Baseball America
2010,94,Miguel Sano,SS/3B,16.73,1993-05-11,Twins,Baseball America
2010,95,Andrew Cashner,RHP,23.39,1986-09-11,Cubs,Baseball America
2010,96,Thomas Neal,OF,22.46,1987-08-17,Giants,Baseball America
2010,97,Peter Bourjos,OF,22.84,1987-03-31,Angels,Baseball America
2010,98,Jay Jackson,RHP,22.27,1987-10-27,Cubs,Baseball America
2010,99,Jake Arrieta,RHP,23.91,1986-03-06,Orioles,Baseball America
2010,100,Noel Arguelles,LHP,20.05,1990-01-12,Royals,Baseball America
2011,1,Mike Trout,Outfielder,19.49,1991-08-07,Los Angeles AL,FanGraphs (Marc Hulet)
2011,2,Bryce Harper,Outfielder,18.29,1992-10-16,Washington,FanGraphs (Marc Hulet)
2011,3,Jeremy Hellickson,RHP,23.82,1987-04-08,Tampa Bay,FanGraphs (Marc Hulet)
2011,4,Domonic Brown,Outfielder,23.41,1987-09-03,Philadelphia,FanGraphs (Marc Hulet)
2011,5,Jesus Montero,Catcher,21.18,1989-11-28,New York AL,FanGraphs (Marc Hulet)
2011,6,Julio Teheran,RHP,20.01,1991-01-27,Atlanta,FanGraphs (Marc Hulet)
2011,7,Mike Moustakas,Third base,22.39,1988-09-11,Kansas City,FanGraphs (Marc Hulet)
2011,8,Eric Hosmer,First base,21.27,1989-10-24,Kansas City,FanGraphs (Marc Hulet)
2011,9,Aroldis Chapman,LHP,22.93,1988-02-28,Cincinnati,FanGraphs (Marc Hulet)
2011,10,Wil Myers,Outfielder,20.15,1990-12-10,Kansas City,FanGraphs (Marc Hulet)
2011,11,Matt Moore,LHP,21.62,1989-06-18,Tampa Bay,FanGraphs (Marc Hulet)
2011,12,Zach Britton,LHP,23.11,1987-12-22,Baltimore,FanGraphs (Marc Hulet)
2011,13,Manny Machado,SS,18.57,1992-07-06,Baltimore,FanGraphs (Marc Hulet)
2011,14,Shelby Miller,RHP,20.31,1990-10-10,St. Louis,FanGraphs (Marc Hulet)
2011,15,Michael Pineda,RHP,22.04,1989-01-18,Seattle,FanGraphs (Marc Hulet)
2011,16,Brandon Belt,First base,22.78,1988-04-20,San Francisco,FanGraphs (Marc Hulet)
2011,17,Dustin Ackley,Second base,22.93,1988-02-26,Seattle,FanGraphs (Marc Hulet)
2011,18,Manny Banuelos,LHP,19.89,1991-03-13,New York AL,FanGraphs (Marc Hulet)
2011,19,Jameson Taillon,RHP,19.21,1991-11-18,Pittsburgh,FanGraphs (Marc Hulet)
2011,20,Freddie Freeman,First base,21.39,1989-09-12,Atlanta,FanGraphs (Marc Hulet)
2011,21,Mike Montgomery,LHP,21.59,1989-07-01,Kansas City,FanGraphs (Marc Hulet)
2011,22,Jacob Turner,RHP,19.7,1991-05-21,Detroit,FanGraphs (Marc Hulet)
2011,23,John Lamb,LHP,20.56,1990-07-10,Kansas City,FanGraphs (Marc Hulet)
2011,24,Desmond Jennings,Outfielder,24.26,1986-10-30,Tampa Bay,FanGraphs (Marc Hulet)
2011,25,Kyle Drabek,RHP,23.15,1987-12-08,Toronto,FanGraphs (Marc Hulet)
2011,26,Chris Sale,LHP,21.84,1989-03-30,Chicago AL,FanGraphs (Marc Hulet)
2011,27,Jurickson Profar,SS,17.95,1993-02-20,Texas,FanGraphs (Marc Hulet)
2011,28,Tyler Matzek,LHP,20.29,1990-10-19,Colorado,FanGraphs (Marc Hulet)
2011,29,Mike Minor,LHP,23.1,1987-12-26,Atlanta,FanGraphs (Marc Hulet)
2011,30,Casey Kelly,RHP,21.33,1989-10-04,San Diego,FanGraphs (Marc Hulet)
2011,31,Martin Perez,LHP,19.83,1991-04-04,Texas,FanGraphs (Marc Hulet)
2011,32,Jarrod Parker,RHP,22.19,1988-11-24,Arizona,FanGraphs (Marc Hulet)
2011,33,Zack Wheeler,RHP,20.68,1990-05-30,San Francisco,FanGraphs (Marc Hulet)
2011,34,Brett Lawrie,2B/3B,21.04,1990-01-18,Toronto,FanGraphs (Marc Hulet)
2011,35,Dee Gordon,Shortstop,22.78,1988-04-22,Los Angeles NL,FanGraphs (Marc Hulet)
2011,36,Chris Archer,RHP,22.35,1988-09-26,Tampa Bay,FanGraphs (Marc Hulet)
2011,37,Lonnie Chisenhall,Third base,22.33,1988-10-04,Cleveland,FanGraphs (Marc Hulet)
2011,38,Jonathan Singleton,First base,19.37,1991-09-18,Philadelphia,FanGraphs (Marc Hulet)
2011,39,Kyle Gibson,RHP,23.28,1987-10-23,Minnesota,FanGraphs (Marc Hulet)
2011,40,Gary Sanchez,Catcher,18.17,1992-12-02,New York AL,FanGraphs (Marc Hulet)
2011,41,Randall Delgado,RHP,20.98,1990-02-09,Atlanta,FanGraphs (Marc Hulet)
2011,42,Devin Mesoraco,Catcher,22.62,1988-06-19,Cincinnati,FanGraphs (Marc Hulet)
2011,43,Derek Norris,Catcher,21.96,1989-02-14,Washington,FanGraphs (Marc Hulet)
2011,44,Aaron Hicks,Outfielder,21.33,1989-10-02,Minnesota,FanGraphs (Marc Hulet)
2011,45,Danny Duffy,LHP,22.11,1988-12-21,Kansas City,FanGraphs (Marc Hulet)
2011,46,Miguel Sano,3B/SS,17.73,1993-05-11,Minnesota,FanGraphs (Marc Hulet)
2011,47,Wilmer Flores,Shortstop,19.49,1991-08-06,New York NL,FanGraphs (Marc Hulet)
2011,48,Jake Odorizzi,RHP,20.85,1990-03-27,Kansas City,FanGraphs (Marc Hulet)
2011,49,Jarred Cosart,RHP,20.69,1990-05-25,Philadelphia,FanGraphs (Marc Hulet)
2011,50,Brody Colvin,RHP,20.47,1990-08-14,Philadelphia,FanGraphs (Marc Hulet)
2011,51,Jean Segura,Second base,20.88,1990-03-17,Los Angeles AL,FanGraphs (Marc Hulet)
2011,52,Brett Jackson,Outfielder,22.5,1988-08-02,Chicago NL,FanGraphs (Marc Hulet)
2011,53,Jose Iglesias,Shortstop,21.07,1990-01-05,Boston,FanGraphs (Marc Hulet)
2011,54,Simon Castro,RHP,22.81,1988-04-09,San Diego,FanGraphs (Marc Hulet)
2011,55,Alex White,RHP,22.43,1988-08-29,Cleveland,FanGraphs (Marc Hulet)
2011,56,Trey McNutt,RHP,21.5,1989-08-02,Chicago NL,FanGraphs (Marc Hulet)
2011,57,Dellin Betances,RHP,22.86,1988-03-23,New York AL,FanGraphs (Marc Hulet)
2011,58,Nick Franklin,Shortstop,19.92,1991-03-02,Seattle,FanGraphs (Marc Hulet)
2011,59,Grant Green,Shortstop,23.35,1987-09-27,Oakland,FanGraphs (Marc Hulet)
2011,60,J.P. Arencibia,Catcher,25.07,1986-01-05,Toronto,FanGraphs (Marc Hulet)
2011,61,Matt Davidson,Third base,19.85,1991-03-26,Arizona,FanGraphs (Marc Hulet)
2011,62,Nolan Arenado,Third base,19.8,1991-04-16,Colorado,FanGraphs (Marc Hulet)
2011,63,Aaron Miller,LHP,23.37,1987-09-18,Los Angeles NL,FanGraphs (Marc Hulet)
2011,64,Jordan Lyles,RHP,20.29,1990-10-19,Houston,FanGraphs (Marc Hulet)
2011,65,Billy Hamilton,Shortstop,20.4,1990-09-09,Cincinnati,FanGraphs (Marc Hulet)
2011,66,Tony Sanchez,Catcher,22.7,1988-05-20,Pittsburgh,FanGraphs (Marc Hulet)
2011,67,Matt Dominguez,Third base,21.43,1989-08-28,Florida,FanGraphs (Marc Hulet)
2011,68,Zack Cox,Third base,21.73,1989-05-09,St. Louis,FanGraphs (Marc Hulet)
2011,69,Nick Castellanos,Third base,18.91,1992-03-04,Detroit,FanGraphs (Marc Hulet)
2011,70,Jason Kipnis,Second base,23.83,1987-04-03,Cleveland,FanGraphs (Marc Hulet)
2011,71,Drake Britton,LHP,21.7,1989-05-22,Boston,FanGraphs (Marc Hulet)
2011,72,Anthony Rizzo,First base,21.48,1989-08-08,San Diego,FanGraphs (Marc Hulet)
2011,73,Anthony Ranaudo,RHP,21.4,1989-09-09,Boston,FanGraphs (Marc Hulet)
2011,74,Jake McGee,LHP,24.49,1986-08-06,Tampa Bay,FanGraphs (Marc Hulet)
2011,75,Deck McGuire,RHP,21.61,1989-06-23,Toronto,FanGraphs (Marc Hulet)
2011,76,Yasmani Grandal,Catcher,22.23,1988-11-08,Cincinnati,FanGraphs (Marc Hulet)
2011,77,Stetson Allie,RHP,19.89,1991-03-13,Pittsburgh,FanGraphs (Marc Hulet)
2011,78,Craig Kimbrel,RHP,22.68,1988-05-28,Atlanta,FanGraphs (Marc Hulet)
2011,79,Carlos Perez,Catcher,20.27,1990-10-27,Toronto,FanGraphs (Marc Hulet)
2011,80,Jared Mitchell,Outfielder,22.3,1988-10-13,Chicago AL,FanGraphs (Marc Hulet)
2011,81,Wilin Rosario,Catcher,21.94,1989-02-23,Colorado,FanGraphs (Marc Hulet)
2011,82,Drew Pomeranz,LHP,22.19,1988-11-22,Cleveland,FanGraphs (Marc Hulet)
2011,83,Chris Colon,Shortstop,21.72,1989-05-14,Kansas City,FanGraphs (Marc Hulet)
2011,84,Yonder Alonso,First base,23.82,1987-04-08,Cincinnati,FanGraphs (Marc Hulet)
2011,85,Tyler Chatwood,RHP,21.13,1989-12-16,Los Angeles AL,FanGraphs (Marc Hulet)
2011,86,Chris Carter,First base,24.12,1986-12-18,Oakland,FanGraphs (Marc Hulet)
2011,87,Tanner Scheppers,RHP,24.04,1987-01-17,Texas,FanGraphs (Marc Hulet)
2011,88,Arodys Vizcaino,RHP,20.22,1990-11-13,Atlanta,FanGraphs (Marc Hulet)
2011,89,Zach Lee,RHP,19.39,1991-09-13,Los Angeles NL,FanGraphs (Marc Hulet)
2011,90,Luis Heredia,RHP,16.48,1994-08-10,Pittsburgh,FanGraphs (Marc Hulet)
2011,91,Trevor May,RHP,21.36,1989-09-23,Philadelphia,FanGraphs (Marc Hulet)
2011,92,Tyler Skaggs,LHP,19.56,1991-07-13,Arizona,FanGraphs (Marc Hulet)
2011,93,Joe Kelly,RHP,22.65,1988-06-09,St. Louis,FanGraphs (Marc Hulet)
2011,94,Carlos Matias,RHP,19.36,1991-09-21,St. Louis,FanGraphs (Marc Hulet)
2011,95,Brent Morel,Third base,23.78,1987-04-21,Chicago AL,FanGraphs (Marc Hulet)
2011,96,Alex Wimmers,RHP,22.25,1988-11-01,Minnesota,FanGraphs (Marc Hulet)
2011,97,Chris Carpenter,RHP,25.1,1985-12-26,Chicago NL,FanGraphs (Marc Hulet)
2011,98,Mark Rogers,RHP,25.0,1986-01-30,Milwaukee,FanGraphs (Marc Hulet)
2011,99,Yorman Rodriguez,Outfielder,18.46,1992-08-15,Cincinnati,FanGraphs (Marc Hulet)
2011,100,Austin Romine,Catcher,22.19,1988-11-22,New York AL,FanGraphs (Marc Hulet)
2012,1,Matt Moore,LHP,22.62,1989-06-18,,sheet (MLB.com 2012)
2012,2,Bryce Harper,OF,19.29,1992-10-16,,sheet (MLB.com 2012)
2012,3,Mike Trout,OF,20.49,1991-08-07,,sheet (MLB.com 2012)
2012,4,Julio Teherán,RHP,21.01,1991-01-27,,sheet (MLB.com 2012)
2012,5,Shelby Miller,RHP,21.31,1990-10-10,,sheet (MLB.com 2012)
2012,6,Manny Machado,3B,19.57,1992-07-06,,sheet (MLB.com 2012)
2012,7,Jurickson Profar,OF,18.95,1993-02-20,,sheet (MLB.com 2012)
2012,8,Jameson Taillon,RHP,20.21,1991-11-18,,sheet (MLB.com 2012)
2012,9,Trevor Bauer,RHP,21.04,1991-01-17,,sheet (MLB.com 2012)
2012,10,Dylan Bundy,RHP,19.21,1992-11-15,,sheet (MLB.com 2012)
2012,11,Gerrit Cole,RHP,21.4,1990-09-08,,sheet (MLB.com 2012)
2012,12,Jesús Montero,C,22.18,1989-11-28,,sheet (MLB.com 2012)
2012,13,Manny Bañuelos,LHP,20.89,1991-03-13,,sheet (MLB.com 2012)
2012,14,Devin Mesoraco,C,23.62,1988-06-19,,sheet (MLB.com 2012)
2012,15,Jacob Turner,RHP,20.7,1991-05-21,,sheet (MLB.com 2012)
2012,16,Danny Hultzen,LHP,22.18,1989-11-28,,sheet (MLB.com 2012)
2012,17,Bubba Starling,OF,19.5,1992-08-03,,sheet (MLB.com 2012)
2012,18,Taijuan Walker,RHP,19.47,1992-08-13,,sheet (MLB.com 2012)
2012,19,Wil Myers,OF,21.14,1990-12-10,,sheet (MLB.com 2012)
2012,20,Archie Bradley,RHP,19.48,1992-08-10,,sheet (MLB.com 2012)
2012,21,Tyler Skaggs,LHP,20.56,1991-07-13,,sheet (MLB.com 2012)
2012,22,Nolan Arenado,3B,20.8,1991-04-16,,sheet (MLB.com 2012)
2012,23,Miguel Sanó,3B,18.73,1993-05-11,,sheet (MLB.com 2012)
2012,24,Drew Pomeranz,LHP,23.19,1988-11-22,,sheet (MLB.com 2012)
2012,25,Travis d’Arnaud,C,22.97,1989-02-10,,sheet (MLB.com 2012)
2012,26,Jarrod Parker,RHP,23.19,1988-11-24,,sheet (MLB.com 2012)
2012,27,Anthony Rendon,3B,21.66,1990-06-06,,sheet (MLB.com 2012)
2012,28,Zack Wheeler,RHP,21.68,1990-05-30,,sheet (MLB.com 2012)
2012,29,Martin Pérez,LHP,20.83,1991-04-04,,sheet (MLB.com 2012)
2012,30,Carlos Martínez,RHP,20.36,1991-09-21,,sheet (MLB.com 2012)
2012,31,Mike Montgomery,LHP,22.59,1989-07-01,,sheet (MLB.com 2012)
2012,32,Francisco Lindor,SS,18.21,1993-11-14,,sheet (MLB.com 2012)
2012,33,Brett Jackson,OF,23.5,1988-08-02,,sheet (MLB.com 2012)
2012,34,Billy Hamilton,SS,21.4,1990-09-09,,sheet (MLB.com 2012)
2012,35,Christian Yelich,OF,20.16,1991-12-05,,sheet (MLB.com 2012)
2012,36,Arodys Vizcaíno,RHP,21.22,1990-11-13,,sheet (MLB.com 2012)
2012,37,Anthony Rizzo,1B,22.48,1989-08-08,,sheet (MLB.com 2012)
2012,38,Matt Harvey,RHP,22.85,1989-03-27,,sheet (MLB.com 2012)
2012,39,Yonder Alonso,1B,24.82,1987-04-08,,sheet (MLB.com 2012)
2012,40,Starling Marte,OF,23.31,1988-10-09,,sheet (MLB.com 2012)
2012,41,Dellin Betances,RHP,23.86,1988-03-23,,sheet (MLB.com 2012)
2012,42,Randall Delgado,RHP,21.98,1990-02-09,,sheet (MLB.com 2012)
2012,43,Mike Olt,3B,23.43,1988-08-27,,sheet (MLB.com 2012)
2012,44,Jon Singleton,1B,20.37,1991-09-18,,sheet (MLB.com 2012)
2012,45,Zach Lee,RHP,20.39,1991-09-13,,sheet (MLB.com 2012)
2012,46,Hak-Ju Lee,SS,21.24,1990-11-04,,sheet (MLB.com 2012)
2012,47,Jake Odorizzi,RHP,21.85,1990-03-27,,sheet (MLB.com 2012)
2012,48,Gary Brown,OF,23.34,1988-09-28,,sheet (MLB.com 2012)
2012,49,Wily Peralta,RHP,22.74,1989-05-08,,sheet (MLB.com 2012)
2012,50,Casey Kelly,RHP,22.33,1989-10-04,,sheet (MLB.com 2012)
2012,51,Nicholas Castellanos,3B,19.91,1992-03-04,,sheet (MLB.com 2012)
2012,52,Nick Franklin,SS,20.92,1991-03-02,,sheet (MLB.com 2012)
2012,53,Gary Sánchez,C,19.16,1992-12-02,,sheet (MLB.com 2012)
2012,54,Trevor May,RHP,22.36,1989-09-23,,sheet (MLB.com 2012)
2012,55,Jean Segura,SS,21.88,1990-03-17,,sheet (MLB.com 2012)
2012,56,Will Middlebrooks,3B,23.39,1988-09-09,,sheet (MLB.com 2012)
2012,57,Anthony Gose,OF,21.48,1990-08-10,,sheet (MLB.com 2012)
2013,1,Jurickson Profar,SS,19.95,1993-02-20,TEX,"MLB.com Pipeline (2013 preseason Top 100 Prospects, released 2013-01-29)"
2013,2,Dylan Bundy,RHP,20.21,1992-11-15,BAL,"MLB.com Pipeline (2013 preseason Top 100 Prospects, released 2013-01-29)"
2013,3,Oscar Taveras,OF,20.62,1992-06-19,STL,"MLB.com Pipeline (2013 preseason Top 100 Prospects, released 2013-01-29)"
2013,4,William Myers,OF,22.15,1990-12-10,TB,"MLB.com Pipeline (2013 preseason Top 100 Prospects, released 2013-01-29)"
2013,5,Taijuan Walker,RHP,20.47,1992-08-13,SEA,"MLB.com Pipeline (2013 preseason Top 100 Prospects, released 2013-01-29)"
2013,6,Travis d'Arnaud,C,23.98,1989-02-10,NYM,"MLB.com Pipeline (2013 preseason Top 100 Prospects, released 2013-01-29)"
2013,7,Jose Fernandez,RHP,20.51,1992-07-31,MIA,"MLB.com Pipeline (2013 preseason Top 100 Prospects, released 2013-01-29)"
2013,8,Zack Wheeler,RHP,22.68,1990-05-30,NYM,"MLB.com Pipeline (2013 preseason Top 100 Prospects, released 2013-01-29)"
2013,9,Gerrit Cole,RHP,22.4,1990-09-08,PIT,"MLB.com Pipeline (2013 preseason Top 100 Prospects, released 2013-01-29)"
2013,10,Tyler Skaggs,LHP,21.56,1991-07-13,ARI,"MLB.com Pipeline (2013 preseason Top 100 Prospects, released 2013-01-29)"
2013,11,Billy Hamilton,OF,22.4,1990-09-09,CIN,"MLB.com Pipeline (2013 preseason Top 100 Prospects, released 2013-01-29)"
2013,12,Miguel Sano,3B,19.73,1993-05-11,MIN,"MLB.com Pipeline (2013 preseason Top 100 Prospects, released 2013-01-29)"
2013,13,Christian Yelich,OF,21.16,1991-12-05,MIA,"MLB.com Pipeline (2013 preseason Top 100 Prospects, released 2013-01-29)"
2013,14,Francisco Lindor,SS,19.22,1993-11-14,CLE,"MLB.com Pipeline (2013 preseason Top 100 Prospects, released 2013-01-29)"
2013,15,Jameson Taillon,RHP,21.21,1991-11-18,PIT,"MLB.com Pipeline (2013 preseason Top 100 Prospects, released 2013-01-29)"
2013,16,Javier Baez,SS,20.17,1992-12-01,CHC,"MLB.com Pipeline (2013 preseason Top 100 Prospects, released 2013-01-29)"
2013,17,Trevor Bauer,RHP,22.04,1991-01-17,CLE,"MLB.com Pipeline (2013 preseason Top 100 Prospects, released 2013-01-29)"
2013,18,Danny Hultzen,LHP,23.18,1989-11-28,SEA,"MLB.com Pipeline (2013 preseason Top 100 Prospects, released 2013-01-29)"
2013,19,Byron Buxton,OF,19.12,1993-12-18,MIN,"MLB.com Pipeline (2013 preseason Top 100 Prospects, released 2013-01-29)"
2013,20,Xander Bogaerts,SS,20.34,1992-10-01,BOS,"MLB.com Pipeline (2013 preseason Top 100 Prospects, released 2013-01-29)"
2013,21,Nicholas Castellanos,OF,20.91,1992-03-04,DET,"MLB.com Pipeline (2013 preseason Top 100 Prospects, released 2013-01-29)"
2013,22,Mike Olt,3B,24.43,1988-08-27,TEX,"MLB.com Pipeline (2013 preseason Top 100 Prospects, released 2013-01-29)"
2013,23,Mike Zunino,C,21.86,1991-03-25,SEA,"MLB.com Pipeline (2013 preseason Top 100 Prospects, released 2013-01-29)"
2013,24,Archie Bradley,RHP,20.48,1992-08-10,ARI,"MLB.com Pipeline (2013 preseason Top 100 Prospects, released 2013-01-29)"
2013,25,Shelby Miller,RHP,22.31,1990-10-10,STL,"MLB.com Pipeline (2013 preseason Top 100 Prospects, released 2013-01-29)"
2013,26,Bubba Starling,OF,20.5,1992-08-03,KC,"MLB.com Pipeline (2013 preseason Top 100 Prospects, released 2013-01-29)"
2013,27,Jon Singleton,1B,21.37,1991-09-18,HOU,"MLB.com Pipeline (2013 preseason Top 100 Prospects, released 2013-01-29)"
2013,28,Anthony Rendon,3B,22.66,1990-06-06,WAS,"MLB.com Pipeline (2013 preseason Top 100 Prospects, released 2013-01-29)"
2013,29,Noah Syndergaard,RHP,20.43,1992-08-29,NYM,"MLB.com Pipeline (2013 preseason Top 100 Prospects, released 2013-01-29)"
2013,30,Carlos Correa,SS,18.36,1994-09-22,HOU,"MLB.com Pipeline (2013 preseason Top 100 Prospects, released 2013-01-29)"
2013,31,Julio Teheran,RHP,22.02,1991-01-27,ATL,"MLB.com Pipeline (2013 preseason Top 100 Prospects, released 2013-01-29)"
2013,32,Jackie Bradley Jr.,OF,22.79,1990-04-19,BOS,"MLB.com Pipeline (2013 preseason Top 100 Prospects, released 2013-01-29)"
2013,33,Carlos Martinez,RHP,21.37,1991-09-21,STL,"MLB.com Pipeline (2013 preseason Top 100 Prospects, released 2013-01-29)"
2013,34,Kyle Zimmer,RHP,21.39,1991-09-13,KC,"MLB.com Pipeline (2013 preseason Top 100 Prospects, released 2013-01-29)"
2013,35,Aaron Sanchez,RHP,20.59,1992-07-01,TOR,"MLB.com Pipeline (2013 preseason Top 100 Prospects, released 2013-01-29)"
2013,36,Gary Sanchez,C,20.17,1992-12-02,NYY,"MLB.com Pipeline (2013 preseason Top 100 Prospects, released 2013-01-29)"
2013,37,Kevin Gausman,RHP,22.07,1991-01-06,BAL,"MLB.com Pipeline (2013 preseason Top 100 Prospects, released 2013-01-29)"
2013,38,Matt Barnes,RHP,22.63,1990-06-17,BOS,"MLB.com Pipeline (2013 preseason Top 100 Prospects, released 2013-01-29)"
2013,39,Albert Almora Jr.,OF,18.8,1994-04-16,CHC,"MLB.com Pipeline (2013 preseason Top 100 Prospects, released 2013-01-29)"
2013,40,Alex Meyer,RHP,23.08,1990-01-03,MIN,"MLB.com Pipeline (2013 preseason Top 100 Prospects, released 2013-01-29)"
2013,41,Mason Williams,OF,21.45,1991-08-21,NYY,"MLB.com Pipeline (2013 preseason Top 100 Prospects, released 2013-01-29)"
2013,42,Jorge Soler,OF,20.94,1992-02-25,CHC,"MLB.com Pipeline (2013 preseason Top 100 Prospects, released 2013-01-29)"
2013,43,Trevor Rosenthal,RHP,22.68,1990-05-29,STL,"MLB.com Pipeline (2013 preseason Top 100 Prospects, released 2013-01-29)"
2013,44,Christopher Guerrieri,RHP,20.17,1992-12-01,TB,"MLB.com Pipeline (2013 preseason Top 100 Prospects, released 2013-01-29)"
2013,45,Jake Odorizzi,RHP,22.85,1990-03-27,TB,"MLB.com Pipeline (2013 preseason Top 100 Prospects, released 2013-01-29)"
2013,46,Chris Archer,RHP,24.35,1988-09-26,TB,"MLB.com Pipeline (2013 preseason Top 100 Prospects, released 2013-01-29)"
2013,47,Nick Franklin,SS,21.92,1991-03-02,SEA,"MLB.com Pipeline (2013 preseason Top 100 Prospects, released 2013-01-29)"
2013,48,Addison Russell,SS,19.03,1994-01-23,OAK,"MLB.com Pipeline (2013 preseason Top 100 Prospects, released 2013-01-29)"
2013,49,Kyle Gibson,RHP,25.28,1987-10-23,MIN,"MLB.com Pipeline (2013 preseason Top 100 Prospects, released 2013-01-29)"
2013,50,Jedd Gyorko,2B,24.36,1988-09-23,SD,"MLB.com Pipeline (2013 preseason Top 100 Prospects, released 2013-01-29)"
2013,51,Robert Stephenson,RHP,19.94,1993-02-24,CIN,"MLB.com Pipeline (2013 preseason Top 100 Prospects, released 2013-01-29)"
2013,52,Brian Goodwin,OF,22.25,1990-11-02,WAS,"MLB.com Pipeline (2013 preseason Top 100 Prospects, released 2013-01-29)"
2013,53,Max Fried,LHP,19.04,1994-01-18,SD,"MLB.com Pipeline (2013 preseason Top 100 Prospects, released 2013-01-29)"
2013,54,Alen Hanson,SS,20.28,1992-10-22,PIT,"MLB.com Pipeline (2013 preseason Top 100 Prospects, released 2013-01-29)"
2013,55,Rymer Liriano,OF,21.62,1991-06-20,SD,"MLB.com Pipeline (2013 preseason Top 100 Prospects, released 2013-01-29)"
2013,56,Hak-Ju Lee,SS,22.25,1990-11-04,TB,"MLB.com Pipeline (2013 preseason Top 100 Prospects, released 2013-01-29)"
2013,57,George Springer,OF,23.37,1989-09-19,HOU,"MLB.com Pipeline (2013 preseason Top 100 Prospects, released 2013-01-29)"
2013,58,David Dahl,OF,18.84,1994-04-01,COL,"MLB.com Pipeline (2013 preseason Top 100 Prospects, released 2013-01-29)"
2013,59,Yordano Ventura,RHP,21.67,1991-06-03,KC,"MLB.com Pipeline (2013 preseason Top 100 Prospects, released 2013-01-29)"
2013,60,Jesse Biddle,LHP,21.28,1991-10-22,PHI,"MLB.com Pipeline (2013 preseason Top 100 Prospects, released 2013-01-29)"
2013,61,James Paxton,LHP,24.24,1988-11-06,SEA,"MLB.com Pipeline (2013 preseason Top 100 Prospects, released 2013-01-29)"
2013,62,Nolan Arenado,3B,21.8,1991-04-16,COL,"MLB.com Pipeline (2013 preseason Top 100 Prospects, released 2013-01-29)"
2013,63,Didi Gregorius,SS,22.95,1990-02-18,ARI,"MLB.com Pipeline (2013 preseason Top 100 Prospects, released 2013-01-29)"
2013,64,Wily Peralta,RHP,23.74,1989-05-08,MIL,"MLB.com Pipeline (2013 preseason Top 100 Prospects, released 2013-01-29)"
2013,65,Gregory Polanco,OF,21.39,1991-09-14,PIT,"MLB.com Pipeline (2013 preseason Top 100 Prospects, released 2013-01-29)"
2013,66,Tony Cingrani,LHP,23.58,1989-07-05,CIN,"MLB.com Pipeline (2013 preseason Top 100 Prospects, released 2013-01-29)"
2013,67,Kaleb Cowart,3B,20.67,1992-06-02,LAA,"MLB.com Pipeline (2013 preseason Top 100 Prospects, released 2013-01-29)"
2013,68,Courtney Hawkins,OF,19.22,1993-11-12,CWS,"MLB.com Pipeline (2013 preseason Top 100 Prospects, released 2013-01-29)"
2013,69,Casey Kelly,RHP,23.33,1989-10-04,SD,"MLB.com Pipeline (2013 preseason Top 100 Prospects, released 2013-01-29)"
2013,70,Jake Marisnick,OF,21.85,1991-03-30,MIA,"MLB.com Pipeline (2013 preseason Top 100 Prospects, released 2013-01-29)"
2013,71,Carl Webster,RHP,22.98,1990-02-10,BOS,"MLB.com Pipeline (2013 preseason Top 100 Prospects, released 2013-01-29)"
2013,72,Justin Nicolino,LHP,21.2,1991-11-22,MIA,"MLB.com Pipeline (2013 preseason Top 100 Prospects, released 2013-01-29)"
2013,73,Austin Hedges,C,20.46,1992-08-18,SD,"MLB.com Pipeline (2013 preseason Top 100 Prospects, released 2013-01-29)"
2013,74,Lucas Giolito,RHP,18.55,1994-07-14,WAS,"MLB.com Pipeline (2013 preseason Top 100 Prospects, released 2013-01-29)"
2013,75,Christopher Austin,OF,21.41,1991-09-06,NYY,"MLB.com Pipeline (2013 preseason Top 100 Prospects, released 2013-01-29)"
2013,76,Yasiel Puig,OF,22.15,1990-12-07,LAD,"MLB.com Pipeline (2013 preseason Top 100 Prospects, released 2013-01-29)"
2013,77,Matt Davidson,3B,21.86,1991-03-26,ARI,"MLB.com Pipeline (2013 preseason Top 100 Prospects, released 2013-01-29)"
2013,78,Zach Lee,RHP,21.39,1991-09-13,LAD,"MLB.com Pipeline (2013 preseason Top 100 Prospects, released 2013-01-29)"
2013,79,Kolten Wong,2B,22.31,1990-10-10,STL,"MLB.com Pipeline (2013 preseason Top 100 Prospects, released 2013-01-29)"
2013,80,Ethan Martin,RHP,23.66,1989-06-06,PHI,"MLB.com Pipeline (2013 preseason Top 100 Prospects, released 2013-01-29)"
2013,81,Andrew Heaney,LHP,21.66,1991-06-05,MIA,"MLB.com Pipeline (2013 preseason Top 100 Prospects, released 2013-01-29)"
2013,82,Adeiny Hechavarria,SS,23.8,1989-04-15,MIA,"MLB.com Pipeline (2013 preseason Top 100 Prospects, released 2013-01-29)"
2013,83,Michael Wacha,RHP,21.59,1991-07-01,STL,"MLB.com Pipeline (2013 preseason Top 100 Prospects, released 2013-01-29)"
2013,84,Luis Sardinas,SS,19.72,1993-05-16,TEX,"MLB.com Pipeline (2013 preseason Top 100 Prospects, released 2013-01-29)"
2013,85,Joc Pederson,OF,20.78,1992-04-21,LAD,"MLB.com Pipeline (2013 preseason Top 100 Prospects, released 2013-01-29)"
2013,86,Kyle Crick,RHP,20.17,1992-11-30,SF,"MLB.com Pipeline (2013 preseason Top 100 Prospects, released 2013-01-29)"
2013,87,Cody Buckel,RHP,20.62,1992-06-18,TEX,"MLB.com Pipeline (2013 preseason Top 100 Prospects, released 2013-01-29)"
2013,88,Jorge Alfaro,C,19.64,1993-06-11,TEX,"MLB.com Pipeline (2013 preseason Top 100 Prospects, released 2013-01-29)"
2013,89,Jarred Cosart,RHP,22.69,1990-05-25,HOU,"MLB.com Pipeline (2013 preseason Top 100 Prospects, released 2013-01-29)"
2013,90,Roberto Osuna,RHP,17.98,1995-02-07,TOR,"MLB.com Pipeline (2013 preseason Top 100 Prospects, released 2013-01-29)"
2013,91,A.J. Cole,RHP,21.08,1992-01-05,WAS,"MLB.com Pipeline (2013 preseason Top 100 Prospects, released 2013-01-29)"
2013,92,Bruce Rondon,RHP,22.15,1990-12-09,DET,"MLB.com Pipeline (2013 preseason Top 100 Prospects, released 2013-01-29)"
2013,93,Oswaldo Arcia,OF,21.74,1991-05-09,MIN,"MLB.com Pipeline (2013 preseason Top 100 Prospects, released 2013-01-29)"
2013,94,Henry Owens,LHP,20.53,1992-07-21,BOS,"MLB.com Pipeline (2013 preseason Top 100 Prospects, released 2013-01-29)"
2013,95,Martin Perez,LHP,21.83,1991-04-04,TEX,"MLB.com Pipeline (2013 preseason Top 100 Prospects, released 2013-01-29)"
2013,96,Jose Iglesias,SS,23.07,1990-01-05,BOS,"MLB.com Pipeline (2013 preseason Top 100 Prospects, released 2013-01-29)"
2013,97,Adam Eaton,OF,24.16,1988-12-06,ARI,"MLB.com Pipeline (2013 preseason Top 100 Prospects, released 2013-01-29)"
2013,98,Aaron Hicks,OF,23.33,1989-10-02,MIN,"MLB.com Pipeline (2013 preseason Top 100 Prospects, released 2013-01-29)"
2013,99,Trevor Story,SS,20.21,1992-11-15,COL,"MLB.com Pipeline (2013 preseason Top 100 Prospects, released 2013-01-29)"
2013,100,Gary Brown,OF,24.34,1988-09-28,SF,"MLB.com Pipeline (2013 preseason Top 100 Prospects, released 2013-01-29)"
2014,1,Byron Buxton,OF,20.12,1993-12-18,MIN,MLB.com Pipeline
2014,2,Xander Bogaerts,SS,21.34,1992-10-01,BOS,MLB.com Pipeline
2014,3,Oscar Taveras,OF,21.62,1992-06-19,STL,MLB.com Pipeline
2014,4,Miguel Sanó,3B,20.73,1993-05-11,MIN,MLB.com Pipeline
2014,5,Archie Bradley,RHP,21.48,1992-08-10,ARI,MLB.com Pipeline
2014,6,Taijuan Walker,RHP,21.47,1992-08-13,SEA,MLB.com Pipeline
2014,7,Javier Báez,SS,21.17,1992-12-01,CHC,MLB.com Pipeline
2014,8,Carlos Correa,SS,19.36,1994-09-22,HOU,MLB.com Pipeline
2014,9,Kris Bryant,3B,22.08,1992-01-04,CHC,MLB.com Pipeline
2014,10,Francisco Lindor,SS,20.22,1993-11-14,CLE,MLB.com Pipeline
2014,11,Noah Syndergaard,RHP,21.43,1992-08-29,NYM,MLB.com Pipeline
2014,12,Addison Russell,SS,20.02,1994-01-23,OAK,MLB.com Pipeline
2014,13,Gregory Polanco,OF,22.38,1991-09-14,PIT,MLB.com Pipeline
2014,14,Jon Gray,RHP,22.24,1991-11-05,COL,MLB.com Pipeline
2014,15,Nicholas Castellanos,3B/OF,21.91,1992-03-04,DET,MLB.com Pipeline
2014,16,Jameson Taillon,RHP,22.21,1991-11-18,PIT,MLB.com Pipeline
2014,17,Mark Appel,RHP,22.55,1991-07-15,HOU,MLB.com Pipeline
2014,18,Albert Almora Jr.,OF,19.8,1994-04-16,CHC,MLB.com Pipeline
2014,19,Robert Stephenson,RHP,20.94,1993-02-24,CIN,MLB.com Pipeline
2014,20,Dylan Bundy,RHP,21.21,1992-11-15,BAL,MLB.com Pipeline
2014,21,George Springer,OF,24.37,1989-09-19,HOU,MLB.com Pipeline
2014,22,Travis d'Arnaud,C,24.97,1989-02-10,NYM,MLB.com Pipeline
2014,23,Aaron Sanchez,RHP,21.59,1992-07-01,TOR,MLB.com Pipeline
2014,24,Austin Hedges,C,21.46,1992-08-18,SD,MLB.com Pipeline
2014,25,Kyle Zimmer,RHP,22.39,1991-09-13,KC,MLB.com Pipeline
2014,26,Maikel Franco,3B,21.43,1992-08-26,PHI,MLB.com Pipeline
2014,27,Tyler Glasnow,RHP,20.44,1993-08-23,PIT,MLB.com Pipeline
2014,28,Alex Meyer,RHP,24.08,1990-01-03,MIN,MLB.com Pipeline
2014,29,Andrew Heaney,LHP,22.66,1991-06-05,MIA,MLB.com Pipeline
2014,30,Henry Owens,LHP,21.53,1992-07-21,BOS,MLB.com Pipeline
2014,31,Kevin Gausman,RHP,23.07,1991-01-06,BAL,MLB.com Pipeline
2014,32,Kyle Crick,RHP,21.17,1992-11-30,SF,MLB.com Pipeline
2014,33,Jackie Bradley Jr.,OF,23.79,1990-04-19,BOS,MLB.com Pipeline
2014,34,Corey Seager,SS,19.77,1994-04-27,LAD,MLB.com Pipeline
2014,35,Yordano Ventura,RHP,22.67,1991-06-03,KC,MLB.com Pipeline
2014,36,Joc Pederson,OF,21.78,1992-04-21,LAD,MLB.com Pipeline
2014,37,Billy Hamilton,OF,23.4,1990-09-09,CIN,MLB.com Pipeline
2014,38,Raul Adalberto Mondesi,SS,18.52,1995-07-27,KC,MLB.com Pipeline
2014,39,Jorge Alfaro,C,20.64,1993-06-11,TEX,MLB.com Pipeline
2014,40,Kohl Stewart,RHP,19.32,1994-10-07,MIN,MLB.com Pipeline
2014,41,Eddie Butler,RHP,22.89,1991-03-13,COL,MLB.com Pipeline
2014,42,Carl Edwards Jr.,RHP,22.41,1991-09-03,CHC,MLB.com Pipeline
2014,43,Max Fried,LHP,20.04,1994-01-18,SD,MLB.com Pipeline
2014,44,Lucas Giolito,RHP,19.55,1994-07-14,WAS,MLB.com Pipeline
2014,45,Austin Meadows,OF,18.75,1995-05-03,PIT,MLB.com Pipeline
2014,46,Allen Webster,RHP,23.98,1990-02-10,BOS,MLB.com Pipeline
2014,47,Gary Sánchez,C,21.17,1992-12-02,NYY,MLB.com Pipeline
2014,48,Clint Frazier,OF,19.41,1994-09-06,CLE,MLB.com Pipeline
2014,49,Jorge Soler,OF,21.94,1992-02-25,CHC,MLB.com Pipeline
2014,50,Jon Singleton,1B,22.37,1991-09-18,HOU,MLB.com Pipeline
2014,51,Colin Moran,3B,21.34,1992-10-01,MIA,MLB.com Pipeline
2014,52,Lance McCullers Jr.,RHP,20.33,1993-10-02,HOU,MLB.com Pipeline
2014,53,Jesse Biddle,LHP,22.28,1991-10-22,PHI,MLB.com Pipeline
2014,54,Mike Foltynewicz,RHP,22.32,1991-10-07,HOU,MLB.com Pipeline
2014,55,Marcus Stroman,RHP,22.76,1991-05-01,TOR,MLB.com Pipeline
2014,56,Jake Odorizzi,RHP,23.85,1990-03-27,TB,MLB.com Pipeline
2014,57,Garin Cecchini,3B,22.79,1991-04-20,BOS,MLB.com Pipeline
2014,58,Kolten Wong,2B,23.31,1990-10-10,STL,MLB.com Pipeline
2014,59,Rougned Odor,2B,19.99,1994-02-03,TEX,MLB.com Pipeline
2014,60,Lucas Sims,RHP,19.73,1994-05-10,ATL,MLB.com Pipeline
2014,61,Blake Swihart,C,21.83,1992-04-03,BOS,MLB.com Pipeline
2014,62,Mookie Betts,2B,21.32,1992-10-07,BOS,MLB.com Pipeline
2014,63,Zach Lee,RHP,22.39,1991-09-13,LAD,MLB.com Pipeline
2014,64,Julio Urías,LHP,17.47,1996-08-12,LAD,MLB.com Pipeline
2014,65,Jake Marisnick,OF,22.84,1991-03-30,MIA,MLB.com Pipeline
2014,66,Delino DeShields Jr.,OF,21.46,1992-08-16,HOU,MLB.com Pipeline
2014,67,Alen Hanson,SS,21.28,1992-10-22,PIT,MLB.com Pipeline
2014,68,Eduardo Rodriguez,LHP,20.82,1993-04-07,BAL,MLB.com Pipeline
2014,69,A.J. Cole,RHP,22.08,1992-01-05,WAS,MLB.com Pipeline
2014,70,Erik Johnson,RHP,24.09,1989-12-30,CWS,MLB.com Pipeline
2014,71,David Dahl,OF,19.84,1994-04-01,COL,MLB.com Pipeline
2014,72,Michael Choice,OF,24.23,1989-11-10,TEX,MLB.com Pipeline
2014,73,Trevor Bauer,RHP,23.04,1991-01-17,CLE,MLB.com Pipeline
2014,74,Josh Bell,OF,21.47,1992-08-14,PIT,MLB.com Pipeline
2014,75,Mason Williams,OF,22.45,1991-08-21,NYY,MLB.com Pipeline
2014,76,Luis Sardiñas,SS,20.71,1993-05-16,TEX,MLB.com Pipeline
2014,77,Chris Owings,SS,22.48,1991-08-12,ARI,MLB.com Pipeline
2014,78,Matt Wisler,RHP,21.39,1992-09-12,SD,MLB.com Pipeline
2014,79,Braden Shipley,RHP,21.94,1992-02-22,ARI,MLB.com Pipeline
2014,80,Matt Davidson,3B,22.86,1991-03-26,CWS,MLB.com Pipeline
2014,81,Justin Nicolino,LHP,22.2,1991-11-22,MIA,MLB.com Pipeline
2014,82,Christian Bethancourt,C,22.42,1991-09-02,ATL,MLB.com Pipeline
2014,83,Jimmy Nelson,RHP,24.66,1989-06-05,MIL,MLB.com Pipeline
2014,84,Hak-Ju Lee,SS,23.24,1990-11-04,TB,MLB.com Pipeline
2014,85,Rafael Montero,RHP,23.29,1990-10-17,NYM,MLB.com Pipeline
2014,86,Matt Barnes,RHP,23.63,1990-06-17,BOS,MLB.com Pipeline
2014,87,Casey Kelly,RHP,24.33,1989-10-04,SD,MLB.com Pipeline
2014,88,D.J. Peterson,3B,22.09,1991-12-31,SEA,MLB.com Pipeline
2014,89,Arismendy Alcantara,SS/2B,22.26,1991-10-29,CHC,MLB.com Pipeline
2014,90,José Berríos,RHP,19.69,1994-05-27,MIN,MLB.com Pipeline
2014,91,Jorge Bonifacio,OF,20.66,1993-06-04,KC,MLB.com Pipeline
2014,92,Joey Gallo,3B,20.2,1993-11-19,TEX,MLB.com Pipeline
2014,93,Roberto Osuna,RHP,18.98,1995-02-07,TOR,MLB.com Pipeline
2014,94,Taylor Guerrieri,RHP,21.17,1992-12-01,TB,MLB.com Pipeline
2014,95,Edwin Escobar,LHP,21.78,1992-04-22,SF,MLB.com Pipeline
2014,96,Trey Ball,LHP,19.6,1994-06-27,BOS,MLB.com Pipeline
2014,97,Robbie Ray,LHP,22.34,1991-10-01,DET,MLB.com Pipeline
2014,98,Stephen Piscotty,OF,23.05,1991-01-14,STL,MLB.com Pipeline
2014,99,Rosell Herrera,SS,21.3,1992-10-16,COL,MLB.com Pipeline
2014,100,Pierce Johnson,RHP,22.73,1991-05-10,CHC,MLB.com Pipeline
2015,1,Byron Buxton,OF,21.12,1993-12-18,MIN,MLB.com Pipeline
2015,2,Kris Bryant,3B,23.08,1992-01-04,CHC,MLB.com Pipeline
2015,3,Carlos Correa,SS,20.36,1994-09-22,HOU,MLB.com Pipeline
2015,4,Francisco Lindor,SS,21.22,1993-11-14,CLE,MLB.com Pipeline
2015,5,Addison Russell,SS,21.02,1994-01-23,CHC,MLB.com Pipeline
2015,6,Lucas Giolito,RHP,20.55,1994-07-14,WAS,MLB.com Pipeline
2015,7,Corey Seager,SS,20.77,1994-04-27,LAD,MLB.com Pipeline
2015,8,Julio Urías,LHP,18.47,1996-08-12,LAD,MLB.com Pipeline
2015,9,Joey Gallo,3B,21.2,1993-11-19,TEX,MLB.com Pipeline
2015,10,Noah Syndergaard,RHP,22.43,1992-08-29,NYM,MLB.com Pipeline
2015,11,Miguel Sanó,3B,21.73,1993-05-11,MIN,MLB.com Pipeline
2015,12,Tyler Glasnow,RHP,21.44,1993-08-23,PIT,MLB.com Pipeline
2015,13,Joc Pederson,OF,22.78,1992-04-21,LAD,MLB.com Pipeline
2015,14,Carlos Rodón,LHP,22.14,1992-12-10,CWS,MLB.com Pipeline
2015,15,Archie Bradley,RHP,22.48,1992-08-10,ARI,MLB.com Pipeline
2015,16,Jon Gray,RHP,23.24,1991-11-05,COL,MLB.com Pipeline
2015,17,Daniel Norris,LHP,21.77,1993-04-25,TOR,MLB.com Pipeline
2015,18,Blake Swihart,C,22.83,1992-04-03,BOS,MLB.com Pipeline
2015,19,Henry Owens,LHP,22.53,1992-07-21,BOS,MLB.com Pipeline
2015,20,Dylan Bundy,RHP,22.21,1992-11-15,BAL,MLB.com Pipeline
2015,21,J.P. Crawford,SS,20.06,1995-01-11,PHI,MLB.com Pipeline
2015,22,Jorge Soler,OF,22.93,1992-02-25,CHC,MLB.com Pipeline
2015,23,Luis Severino,RHP,20.95,1994-02-20,NYY,MLB.com Pipeline
2015,24,Robert Stephenson,RHP,21.94,1993-02-24,CIN,MLB.com Pipeline
2015,25,Andrew Heaney,LHP,23.66,1991-06-05,LAA,MLB.com Pipeline
2015,26,Jesse Winker,OF,21.46,1993-08-17,CIN,MLB.com Pipeline
2015,27,Tyler Kolek,RHP,19.13,1995-12-15,MIA,MLB.com Pipeline
2015,28,Alex Jackson,OF,19.1,1995-12-25,SEA,MLB.com Pipeline
2015,29,Alex Meyer,RHP,25.08,1990-01-03,MIN,MLB.com Pipeline
2015,30,Mark Appel,RHP,23.55,1991-07-15,HOU,MLB.com Pipeline
2015,31,Jameson Taillon,RHP,23.21,1991-11-18,PIT,MLB.com Pipeline
2015,32,José Berríos,RHP,20.68,1994-05-27,MIN,MLB.com Pipeline
2015,33,Nick Gordon,SS,19.27,1995-10-24,MIN,MLB.com Pipeline
2015,34,Josh Bell,1B,22.47,1992-08-14,PIT,MLB.com Pipeline
2015,35,Eddie Butler,RHP,23.89,1991-03-13,COL,MLB.com Pipeline
2015,36,Kohl Stewart,RHP,20.32,1994-10-07,MIN,MLB.com Pipeline
2015,37,Aaron Nola,RHP,21.66,1993-06-04,PHI,MLB.com Pipeline
2015,38,José Peraza,2B,20.76,1994-04-30,ATL,MLB.com Pipeline
2015,39,Braden Shipley,RHP,22.94,1992-02-22,ARI,MLB.com Pipeline
2015,40,Adalberto Mondesi,SS,19.52,1995-07-27,KC,MLB.com Pipeline
2015,41,Hunter Harvey,RHP,20.15,1994-12-09,BAL,MLB.com Pipeline
2015,42,Michael Taylor,OF,23.85,1991-03-26,WAS,MLB.com Pipeline
2015,43,Dalton Pompey,OF,22.14,1992-12-11,TOR,MLB.com Pipeline
2015,44,Aaron Sanchez,RHP,22.59,1992-07-01,TOR,MLB.com Pipeline
2015,45,Jorge Alfaro,C,21.64,1993-06-11,TEX,MLB.com Pipeline
2015,46,Austin Meadows,OF,19.75,1995-05-03,PIT,MLB.com Pipeline
2015,47,Carl Edwards Jr.,RHP,23.41,1991-09-03,CHC,MLB.com Pipeline
2015,48,Hunter Renfroe,OF,23.01,1992-01-28,SD,MLB.com Pipeline
2015,49,Kyle Schwarber,C,21.91,1993-03-05,CHC,MLB.com Pipeline
2015,50,D.J. Peterson,3B,23.09,1991-12-31,SEA,MLB.com Pipeline
2015,51,Austin Hedges,C,22.46,1992-08-18,SD,MLB.com Pipeline
2015,52,A.J. Cole,RHP,23.07,1992-01-05,WAS,MLB.com Pipeline
2015,53,Clint Frazier,OF,20.41,1994-09-06,CLE,MLB.com Pipeline
2015,54,Nomar Mazara,OF,19.77,1995-04-26,TEX,MLB.com Pipeline
2015,55,Maikel Franco,3B,22.43,1992-08-26,PHI,MLB.com Pipeline
2015,56,Sean Manaea,LHP,23.0,1992-02-01,KC,MLB.com Pipeline
2015,57,Albert Almora Jr.,OF,20.8,1994-04-16,CHC,MLB.com Pipeline
2015,58,Kyle Zimmer,RHP,23.39,1991-09-13,KC,MLB.com Pipeline
2015,59,David Dahl,OF,20.84,1994-04-01,COL,MLB.com Pipeline
2015,60,Kyle Freeland,LHP,21.72,1993-05-14,COL,MLB.com Pipeline
2015,61,Justin O'Conner,C,22.84,1992-03-31,TB,MLB.com Pipeline
2015,62,Trea Turner,SS,21.59,1993-06-30,SD,MLB.com Pipeline
2015,63,Kevin Plawecki,C,23.93,1991-02-26,NYM,MLB.com Pipeline
2015,64,Reese McGuire,C,19.92,1995-03-02,PIT,MLB.com Pipeline
2015,65,Daniel Robertson,SS,20.87,1994-03-22,TB,MLB.com Pipeline
2015,66,Steven Matz,LHP,23.68,1991-05-29,NYM,MLB.com Pipeline
2015,67,Sean Newcomb,LHP,21.64,1993-06-12,LAA,MLB.com Pipeline
2015,68,Aaron Judge,OF,22.77,1992-04-26,NYY,MLB.com Pipeline
2015,69,Matt Wisler,RHP,22.39,1992-09-12,SD,MLB.com Pipeline
2015,70,J.T. Realmuto,C,23.88,1991-03-18,MIA,MLB.com Pipeline
2015,71,Domingo Santana,OF,22.49,1992-08-05,HOU,MLB.com Pipeline
2015,72,Brandon Nimmo,OF,21.85,1993-03-27,NYM,MLB.com Pipeline
2015,73,Matt Olson,1B,20.85,1994-03-29,OAK,MLB.com Pipeline
2015,74,Nick Kingham,RHP,23.23,1991-11-08,PIT,MLB.com Pipeline
2015,75,Brandon Finnegan,LHP,21.8,1993-04-14,KC,MLB.com Pipeline
2015,76,Tim Anderson,SS,21.61,1993-06-23,CWS,MLB.com Pipeline
2015,77,Willy Adames,SS,19.42,1995-09-02,TB,MLB.com Pipeline
2015,78,Mike Foltynewicz,RHP,23.32,1991-10-07,ATL,MLB.com Pipeline
2015,79,Kyle Crick,RHP,22.17,1992-11-30,SF,MLB.com Pipeline
2015,80,Jake Lamb,3B,24.31,1990-10-09,ARI,MLB.com Pipeline
2015,81,Aaron Blair,RHP,22.69,1992-05-26,ARI,MLB.com Pipeline
2015,82,Michael Conforto,OF,21.92,1993-03-01,NYM,MLB.com Pipeline
2015,83,Jake Thompson,RHP,21.0,1994-01-31,TEX,MLB.com Pipeline
2015,84,Miguel Almonte,RHP,21.83,1993-04-04,KC,MLB.com Pipeline
2015,85,Franklin Barreto,SS,18.93,1996-02-27,OAK,MLB.com Pipeline
2015,86,Vince Velasquez,RHP,22.65,1992-06-07,HOU,MLB.com Pipeline
2015,87,Jeff Hoffman,RHP,22.06,1993-01-08,TOR,MLB.com Pipeline
2015,88,Orlando Arcia,SS,20.5,1994-08-04,MIL,MLB.com Pipeline
2015,89,Eduardo Rodriguez,LHP,21.82,1993-04-07,BOS,MLB.com Pipeline
2015,90,Stephen Piscotty,OF,24.05,1991-01-14,STL,MLB.com Pipeline
2015,91,Frankie Montas,RHP,21.87,1993-03-21,CWS,MLB.com Pipeline
2015,92,Alen Hanson,SS,22.28,1992-10-22,PIT,MLB.com Pipeline
2015,93,Christian Bethancourt,C,23.42,1991-09-02,ATL,MLB.com Pipeline
2015,94,Lucas Sims,RHP,20.73,1994-05-10,ATL,MLB.com Pipeline
2015,95,Grant Holmes,RHP,18.86,1996-03-22,LAD,MLB.com Pipeline
2015,96,Rafael Devers,3B,18.27,1996-10-24,BOS,MLB.com Pipeline
2015,97,Chi Chi González,RHP,23.05,1992-01-15,TEX,MLB.com Pipeline
2015,98,Touki Toussaint,RHP,18.62,1996-06-20,ARI,MLB.com Pipeline
2015,99,Manuel Margot,OF,20.34,1994-09-28,BOS,MLB.com Pipeline
2015,100,Steven Moya,OF,23.48,1991-08-09,DET,MLB.com Pipeline
2016,1,Corey Seager,SS,21.77,1994-04-27,LAD,MLB.com Pipeline
2016,2,Byron Buxton,OF,22.12,1993-12-18,MIN,MLB.com Pipeline
2016,3,Lucas Giolito,RHP,21.55,1994-07-14,WAS,MLB.com Pipeline
2016,4,Julio Urias,LHP,19.47,1996-08-12,LAD,MLB.com Pipeline
2016,5,J.P. Crawford,SS,21.06,1995-01-11,PHI,MLB.com Pipeline
2016,6,Orlando Arcia,SS,21.49,1994-08-04,MIL,MLB.com Pipeline
2016,7,Yoan Moncada,2B,20.68,1995-05-27,BOS,MLB.com Pipeline
2016,8,Dansby Swanson,SS,21.97,1994-02-11,ATL,MLB.com Pipeline
2016,9,Joey Gallo,3B,22.2,1993-11-19,TEX,MLB.com Pipeline
2016,10,Tyler Glasnow,RHP,22.44,1993-08-23,PIT,MLB.com Pipeline
2016,11,Trea Turner,SS,22.59,1993-06-30,WAS,MLB.com Pipeline
2016,12,Brendan Rodgers,SS,19.48,1996-08-09,COL,MLB.com Pipeline
2016,13,Alex Reyes,RHP,21.43,1994-08-29,STL,MLB.com Pipeline
2016,14,Blake Snell,LHP,23.16,1992-12-04,TB,MLB.com Pipeline
2016,15,Steven Matz,LHP,24.68,1991-05-29,NYM,MLB.com Pipeline
2016,16,Lewis Brinson,OF,21.74,1994-05-08,TEX,MLB.com Pipeline
2016,17,Rafael Devers,3B,19.27,1996-10-24,BOS,MLB.com Pipeline
2016,18,Nomar Mazara,OF,20.77,1995-04-26,TEX,MLB.com Pipeline
2016,19,Jose Berrios,RHP,21.68,1994-05-27,MIN,MLB.com Pipeline
2016,20,Austin Meadows,OF,20.75,1995-05-03,PIT,MLB.com Pipeline
2016,21,Sean Newcomb,LHP,22.64,1993-06-12,ATL,MLB.com Pipeline
2016,22,Alex Bregman,SS,21.84,1994-03-30,HOU,MLB.com Pipeline
2016,23,Franklin Barreto,SS,19.93,1996-02-27,OAK,MLB.com Pipeline
2016,24,Jose De Leon,RHP,23.49,1992-08-07,LAD,MLB.com Pipeline
2016,25,Andrew Benintendi,OF,21.57,1994-07-06,BOS,MLB.com Pipeline
2016,26,Bradley Zimmer,OF,23.18,1992-11-27,CLE,MLB.com Pipeline
2016,27,Clint Frazier,OF,21.4,1994-09-06,CLE,MLB.com Pipeline
2016,28,Gleyber Torres,SS,19.13,1996-12-13,CHC,MLB.com Pipeline
2016,29,Ozzie Albies,SS,19.07,1997-01-07,ATL,MLB.com Pipeline
2016,30,Jorge Mateo,SS,20.61,1995-06-23,NYY,MLB.com Pipeline
2016,31,Aaron Judge,OF,23.77,1992-04-26,NYY,MLB.com Pipeline
2016,32,Brett Phillips,OF,21.68,1994-05-30,MIL,MLB.com Pipeline
2016,33,Jon Gray,RHP,24.24,1991-11-05,COL,MLB.com Pipeline
2016,34,Jesse Winker,OF,22.46,1993-08-17,CIN,MLB.com Pipeline
2016,35,Robert Stephenson,RHP,22.93,1993-02-24,CIN,MLB.com Pipeline
2016,36,Dillon Tate,RHP,21.75,1994-05-01,TEX,MLB.com Pipeline
2016,37,Raul Mondesi,SS,20.52,1995-07-27,KC,MLB.com Pipeline
2016,38,Carson Fulmer,RHP,22.14,1993-12-13,CWS,MLB.com Pipeline
2016,39,Anderson Espinoza,RHP,17.9,1998-03-09,BOS,MLB.com Pipeline
2016,40,AJ Reed,1B,22.73,1993-05-10,HOU,MLB.com Pipeline
2016,41,Francis Martes,RHP,20.19,1995-11-24,HOU,MLB.com Pipeline
2016,42,Anthony Alford,OF,21.54,1994-07-20,TOR,MLB.com Pipeline
2016,43,Brent Honeywell,RHP,20.84,1995-03-31,TB,MLB.com Pipeline
2016,44,Max Kepler,OF/1B,22.97,1993-02-10,MIN,MLB.com Pipeline
2016,45,Manuel Margot,OF,21.34,1994-09-28,SD,MLB.com Pipeline
2016,46,David Dahl,OF,21.84,1994-04-01,COL,MLB.com Pipeline
2016,47,Tim Anderson,SS,22.61,1993-06-23,CWS,MLB.com Pipeline
2016,48,Ryan McMahon,3B,21.13,1994-12-14,COL,MLB.com Pipeline
2016,49,Josh Bell,1B,23.47,1992-08-14,PIT,MLB.com Pipeline
2016,50,Willson Contreras,C,23.72,1992-05-13,CHC,MLB.com Pipeline
2016,51,Dominic Smith,1B,20.63,1995-06-15,NYM,MLB.com Pipeline
2016,52,Jeff Hoffman,RHP,23.06,1993-01-08,COL,MLB.com Pipeline
2016,53,Michael Fulmer,RHP,22.88,1993-03-15,DET,MLB.com Pipeline
2016,54,Jameson Taillon,RHP,24.21,1991-11-18,PIT,MLB.com Pipeline
2016,55,Jake Thompson,RHP,22.0,1994-01-31,PHI,MLB.com Pipeline
2016,56,Aaron Blair,RHP,23.69,1992-05-26,ATL,MLB.com Pipeline
2016,57,Jorge Lopez,RHP,22.97,1993-02-10,MIL,MLB.com Pipeline
2016,58,Javy Guerra,SS,20.35,1995-09-25,SD,MLB.com Pipeline
2016,59,Gary Sanchez,C,23.16,1992-12-02,NYY,MLB.com Pipeline
2016,60,Tyler Jay,LHP,21.79,1994-04-19,MIN,MLB.com Pipeline
2016,61,Josh Hader,LHP,21.82,1994-04-07,MIL,MLB.com Pipeline
2016,62,Grant Holmes,RHP,19.86,1996-03-22,LAD,MLB.com Pipeline
2016,63,Victor Robles,OF,18.7,1997-05-19,WAS,MLB.com Pipeline
2016,64,Nick Williams,OF,22.4,1993-09-08,PHI,MLB.com Pipeline
2016,65,Kyle Zimmer,RHP,24.39,1991-09-13,KC,MLB.com Pipeline
2016,66,Cody Reed,LHP,22.8,1993-04-15,CIN,MLB.com Pipeline
2016,67,Braden Shipley,RHP,23.94,1992-02-22,ARI,MLB.com Pipeline
2016,68,Sean Manaea,LHP,24.0,1992-02-01,OAK,MLB.com Pipeline
2016,69,Amir Garrett,LHP,23.75,1992-05-03,CIN,MLB.com Pipeline
2016,70,Mark Appel,RHP,24.55,1991-07-15,PHI,MLB.com Pipeline
2016,71,Jose Peraza,2B,21.76,1994-04-30,CIN,MLB.com Pipeline
2016,72,Archie Bradley,RHP,23.48,1992-08-10,ARI,MLB.com Pipeline
2016,73,Luis Ortiz,RHP,20.36,1995-09-22,TEX,MLB.com Pipeline
2016,74,Kyle Tucker,OF,19.04,1997-01-17,HOU,MLB.com Pipeline
2016,75,Daz Cameron,OF,19.04,1997-01-15,HOU,MLB.com Pipeline
2016,76,Ian Happ,2B/OF,21.47,1994-08-12,CHC,MLB.com Pipeline
2016,77,Duane Underwood Jr.,RHP,21.54,1994-07-20,CHC,MLB.com Pipeline
2016,78,Erick Fedde,RHP,22.93,1993-02-25,WAS,MLB.com Pipeline
2016,79,Amed Rosario,SS,20.2,1995-11-20,NYM,MLB.com Pipeline
2016,80,Jack Flaherty,RHP,20.3,1995-10-15,STL,MLB.com Pipeline
2016,81,Willy Adames,SS,20.42,1995-09-02,TB,MLB.com Pipeline
2016,82,Christian Arroyo,SS/2B,20.68,1995-05-30,SF,MLB.com Pipeline
2016,83,Trent Grisham,OF,19.25,1996-11-01,MIL,MLB.com Pipeline
2016,84,Cornelius Randolph,OF,18.67,1997-06-02,PHI,MLB.com Pipeline
2016,85,Hunter Harvey,RHP,21.15,1994-12-09,BAL,MLB.com Pipeline
2016,86,Albert Almora Jr.,OF,21.8,1994-04-16,CHC,MLB.com Pipeline
2016,87,Gavin Cecchini,SS,22.11,1993-12-22,NYM,MLB.com Pipeline
2016,88,Billy McKinney,OF,21.44,1994-08-23,CHC,MLB.com Pipeline
2016,89,Kolby Allard,LHP,18.47,1997-08-13,ATL,MLB.com Pipeline
2016,90,Forrest Wall,2B,20.2,1995-11-20,COL,MLB.com Pipeline
2016,91,Nick Gordon,SS,20.27,1995-10-24,MIN,MLB.com Pipeline
2016,92,Hunter Renfroe,OF,24.01,1992-01-28,SD,MLB.com Pipeline
2016,93,Bobby Bradley,1B,19.68,1996-05-29,CLE,MLB.com Pipeline
2016,94,Alex Jackson,OF,20.1,1995-12-25,SEA,MLB.com Pipeline
2016,95,Frankie Montas,RHP,22.87,1993-03-21,LAD,MLB.com Pipeline
2016,96,Jorge Alfaro,C/1B,22.64,1993-06-11,PHI,MLB.com Pipeline
2016,97,Jorge Polanco,SS,22.58,1993-07-05,MIN,MLB.com Pipeline
2016,98,Reese McGuire,C,20.92,1995-03-02,PIT,MLB.com Pipeline
2016,99,Roman Quinn,OF,22.72,1993-05-14,PHI,MLB.com Pipeline
2016,100,Matt Olson,1B,21.85,1994-03-29,OAK,MLB.com Pipeline
2017,1,Andrew Benintendi,OF,22.58,1994-07-06,Boston Red Sox,MLB.com Pipeline (preseason Top 100)
2017,2,Yoán Moncada,2B,21.69,1995-05-27,Chicago White Sox,MLB.com Pipeline (preseason Top 100)
2017,3,Gleyber Torres,SS,20.14,1996-12-13,New York Yankees,MLB.com Pipeline (preseason Top 100)
2017,4,Dansby Swanson,SS,22.97,1994-02-11,Atlanta Braves,MLB.com Pipeline (preseason Top 100)
2017,5,Amed Rosario,SS,21.2,1995-11-20,New York Mets,MLB.com Pipeline (preseason Top 100)
2017,6,Alex Reyes,RHP,22.43,1994-08-29,St. Louis Cardinals,MLB.com Pipeline (preseason Top 100)
2017,7,J.P. Crawford,SS,22.06,1995-01-11,Philadelphia Phillies,MLB.com Pipeline (preseason Top 100)
2017,8,Victor Robles,OF,19.71,1997-05-19,Washington Nationals,MLB.com Pipeline (preseason Top 100)
2017,9,Tyler Glasnow,RHP,23.44,1993-08-23,Pittsburgh Pirates,MLB.com Pipeline (preseason Top 100)
2017,10,Austin Meadows,OF,21.75,1995-05-03,Pittsburgh Pirates,MLB.com Pipeline (preseason Top 100)
2017,11,Ozzie Albies,2B/SS,20.07,1997-01-07,Atlanta Braves,MLB.com Pipeline (preseason Top 100)
2017,12,Lucas Giolito,RHP,22.55,1994-07-14,Chicago White Sox,MLB.com Pipeline (preseason Top 100)
2017,13,Cody Bellinger,1B/OF,21.56,1995-07-13,Los Angeles Dodgers,MLB.com Pipeline (preseason Top 100)
2017,14,Eloy Jiménez,OF,20.18,1996-11-27,Chicago Cubs,MLB.com Pipeline (preseason Top 100)
2017,15,Brendan Rodgers,SS/2B,20.48,1996-08-09,Colorado Rockies,MLB.com Pipeline (preseason Top 100)
2017,16,Michael Kopech,RHP,20.76,1996-04-30,Chicago White Sox,MLB.com Pipeline (preseason Top 100)
2017,17,Rafael Devers,3B,20.27,1996-10-24,Boston Red Sox,MLB.com Pipeline (preseason Top 100)
2017,18,Lewis Brinson,OF,22.74,1994-05-08,Milwaukee Brewers,MLB.com Pipeline (preseason Top 100)
2017,19,Mickey Moniak,OF,18.72,1998-05-13,Philadelphia Phillies,MLB.com Pipeline (preseason Top 100)
2017,20,Francis Martes,RHP,21.19,1995-11-24,Houston Astros,MLB.com Pipeline (preseason Top 100)
2017,21,Willy Adames,SS,21.42,1995-09-02,Tampa Bay Rays,MLB.com Pipeline (preseason Top 100)
2017,22,Bradley Zimmer,OF,24.18,1992-11-27,Cleveland Indians,MLB.com Pipeline (preseason Top 100)
2017,23,Manuel Margot,OF,22.35,1994-09-28,San Diego Padres,MLB.com Pipeline (preseason Top 100)
2017,24,Clint Frazier,OF,22.41,1994-09-06,New York Yankees,MLB.com Pipeline (preseason Top 100)
2017,25,Anderson Espinoza,RHP,18.9,1998-03-09,San Diego Padres,MLB.com Pipeline (preseason Top 100)
2017,26,Nick Senzel,3B,21.6,1995-06-29,Cincinnati Reds,MLB.com Pipeline (preseason Top 100)
2017,27,Josh Bell,1B/OF,24.47,1992-08-14,Pittsburgh Pirates,MLB.com Pipeline (preseason Top 100)
2017,28,Ian Happ,2B/OF,22.48,1994-08-12,Chicago Cubs,MLB.com Pipeline (preseason Top 100)
2017,29,Kyle Lewis,OF,21.56,1995-07-13,Seattle Mariners,MLB.com Pipeline (preseason Top 100)
2017,30,Corey Ray,OF,22.36,1994-09-22,Milwaukee Brewers,MLB.com Pipeline (preseason Top 100)
2017,31,Brent Honeywell,RHP,21.84,1995-03-31,Tampa Bay Rays,MLB.com Pipeline (preseason Top 100)
2017,32,Kevin Maitan,SS,16.97,2000-02-12,Atlanta Braves,MLB.com Pipeline (preseason Top 100)
2017,33,José De León,RHP,24.49,1992-08-07,Tampa Bay Rays,MLB.com Pipeline (preseason Top 100)
2017,34,Vladimir Guerrero Jr.,3B,17.88,1999-03-16,Toronto Blue Jays,MLB.com Pipeline (preseason Top 100)
2017,35,Kyle Tucker,OF,20.04,1997-01-17,Houston Astros,MLB.com Pipeline (preseason Top 100)
2017,36,Tyler O'Neill,OF,21.62,1995-06-22,Seattle Mariners,MLB.com Pipeline (preseason Top 100)
2017,37,Blake Rutherford,OF,19.75,1997-05-02,New York Yankees,MLB.com Pipeline (preseason Top 100)
2017,38,Josh Hader,LHP,22.82,1994-04-07,Milwaukee Brewers,MLB.com Pipeline (preseason Top 100)
2017,39,Carson Kelly,C,22.55,1994-07-14,St. Louis Cardinals,MLB.com Pipeline (preseason Top 100)
2017,40,Francisco Mejía,C,21.27,1995-10-27,Cleveland Indians,MLB.com Pipeline (preseason Top 100)
2017,41,Jay Groome,LHP,18.44,1998-08-23,Boston Red Sox,MLB.com Pipeline (preseason Top 100)
2017,42,Hunter Renfroe,OF,25.01,1992-01-28,San Diego Padres,MLB.com Pipeline (preseason Top 100)
2017,43,Braxton Garrett,LHP,19.49,1997-08-05,Miami Marlins,MLB.com Pipeline (preseason Top 100)
2017,44,Jeff Hoffman,RHP,24.07,1993-01-08,Colorado Rockies,MLB.com Pipeline (preseason Top 100)
2017,45,Reynaldo López,RHP,23.08,1994-01-04,Chicago White Sox,MLB.com Pipeline (preseason Top 100)
2017,46,Aaron Judge,OF,24.77,1992-04-26,New York Yankees,MLB.com Pipeline (preseason Top 100)
2017,47,Jorge Mateo,SS/2B,21.61,1995-06-23,New York Yankees,MLB.com Pipeline (preseason Top 100)
2017,48,Mitch Keller,RHP,20.83,1996-04-04,Pittsburgh Pirates,MLB.com Pipeline (preseason Top 100)
2017,49,Yadier Alvarez,RHP,20.91,1996-03-07,Los Angeles Dodgers,MLB.com Pipeline (preseason Top 100)
2017,50,Nick Gordon,SS,21.28,1995-10-24,Minnesota Twins,MLB.com Pipeline (preseason Top 100)
2017,51,Riley Pint,RHP,19.24,1997-11-06,Colorado Rockies,MLB.com Pipeline (preseason Top 100)
2017,52,Franklin Barreto,SS/2B,20.93,1996-02-27,Oakland Athletics,MLB.com Pipeline (preseason Top 100)
2017,53,Kolby Allard,LHP,19.47,1997-08-13,Atlanta Braves,MLB.com Pipeline (preseason Top 100)
2017,54,David Paulino,RHP,22.99,1994-02-06,Houston Astros,MLB.com Pipeline (preseason Top 100)
2017,55,Leody Taveras,OF,18.4,1998-09-08,Texas Rangers,MLB.com Pipeline (preseason Top 100)
2017,56,Yohander Méndez,LHP,22.04,1995-01-17,Texas Rangers,MLB.com Pipeline (preseason Top 100)
2017,57,Triston McKenzie,RHP,19.5,1997-08-02,Cleveland Indians,MLB.com Pipeline (preseason Top 100)
2017,58,James Kaprielian,RHP,22.92,1994-03-02,New York Yankees,MLB.com Pipeline (preseason Top 100)
2017,59,Kevin Newman,SS,23.5,1993-08-04,Pittsburgh Pirates,MLB.com Pipeline (preseason Top 100)
2017,60,Erick Fedde,RHP,23.93,1993-02-25,Washington Nationals,MLB.com Pipeline (preseason Top 100)
2017,61,Alex Verdugo,OF,20.72,1996-05-15,Los Angeles Dodgers,MLB.com Pipeline (preseason Top 100)
2017,62,Luis Ortiz,RHP,21.36,1995-09-22,Milwaukee Brewers,MLB.com Pipeline (preseason Top 100)
2017,63,Dominic Smith,1B,21.63,1995-06-15,New York Mets,MLB.com Pipeline (preseason Top 100)
2017,64,Sean Reid-Foley,RHP,21.43,1995-08-30,Toronto Blue Jays,MLB.com Pipeline (preseason Top 100)
2017,65,Isan Diaz,SS/2B,20.68,1996-05-27,Milwaukee Brewers,MLB.com Pipeline (preseason Top 100)
2017,66,Amir Garrett,LHP,24.75,1992-05-03,Cincinnati Reds,MLB.com Pipeline (preseason Top 100)
2017,67,Jesse Winker,OF,23.46,1993-08-17,Cincinnati Reds,MLB.com Pipeline (preseason Top 100)
2017,68,Luke Weaver,RHP,23.45,1993-08-21,St. Louis Cardinals,MLB.com Pipeline (preseason Top 100)
2017,69,A.J. Puk,LHP,21.77,1995-04-25,Oakland Athletics,MLB.com Pipeline (preseason Top 100)
2017,70,Anthony Alford,OF,22.54,1994-07-20,Toronto Blue Jays,MLB.com Pipeline (preseason Top 100)
2017,71,Carson Fulmer,RHP,23.14,1993-12-13,Chicago White Sox,MLB.com Pipeline (preseason Top 100)
2017,72,Jorge Alfaro,C,23.64,1993-06-11,Philadelphia Phillies,MLB.com Pipeline (preseason Top 100)
2017,73,German Márquez,RHP,21.94,1995-02-22,Colorado Rockies,MLB.com Pipeline (preseason Top 100)
2017,74,Matt Manning,RHP,19.01,1998-01-28,Detroit Tigers,MLB.com Pipeline (preseason Top 100)
2017,75,Jake Bauers,OF/1B,21.33,1995-10-06,Tampa Bay Rays,MLB.com Pipeline (preseason Top 100)
2017,76,Albert Almora Jr.,OF,22.8,1994-04-16,Chicago Cubs,MLB.com Pipeline (preseason Top 100)
2017,77,Dylan Cease,RHP,21.1,1995-12-28,Chicago Cubs,MLB.com Pipeline (preseason Top 100)
2017,78,Mike Soroka,RHP,19.5,1997-08-04,Atlanta Braves,MLB.com Pipeline (preseason Top 100)
2017,79,Justus Sheffield,LHP,20.72,1996-05-13,New York Yankees,MLB.com Pipeline (preseason Top 100)
2017,80,Sean Newcomb,LHP,23.64,1993-06-12,Atlanta Braves,MLB.com Pipeline (preseason Top 100)
2017,81,Zack Collins,C,21.99,1995-02-06,Chicago White Sox,MLB.com Pipeline (preseason Top 100)
2017,82,Willie Calhoun,2B,22.25,1994-11-04,Los Angeles Dodgers,MLB.com Pipeline (preseason Top 100)
2017,83,Derek Fisher,OF,23.45,1993-08-21,Houston Astros,MLB.com Pipeline (preseason Top 100)
2017,84,Forrest Whitley,RHP,19.38,1997-09-15,Houston Astros,MLB.com Pipeline (preseason Top 100)
2017,85,Grant Holmes,RHP,20.87,1996-03-22,Oakland Athletics,MLB.com Pipeline (preseason Top 100)
2017,86,Ian Anderson,RHP,18.75,1998-05-02,Atlanta Braves,MLB.com Pipeline (preseason Top 100)
2017,87,Robert Stephenson,RHP,23.94,1993-02-24,Cincinnati Reds,MLB.com Pipeline (preseason Top 100)
2017,88,Tyler Beede,RHP,23.7,1993-05-23,San Francisco Giants,MLB.com Pipeline (preseason Top 100)
2017,89,Christian Arroyo,INF,21.68,1995-05-30,San Francisco Giants,MLB.com Pipeline (preseason Top 100)
2017,90,Raimel Tapia,OF,22.99,1994-02-04,Colorado Rockies,MLB.com Pipeline (preseason Top 100)
2017,91,Delvin Perez,SS,18.19,1998-11-24,St. Louis Cardinals,MLB.com Pipeline (preseason Top 100)
2017,92,Stephen Gonsalves,LHP,22.57,1994-07-08,Minnesota Twins,MLB.com Pipeline (preseason Top 100)
2017,93,Walker Buehler,RHP,22.52,1994-07-28,Los Angeles Dodgers,MLB.com Pipeline (preseason Top 100)
2017,94,Richard Ureña,SS,20.93,1996-02-26,Toronto Blue Jays,MLB.com Pipeline (preseason Top 100)
2017,95,Bobby Bradley,1B,20.68,1996-05-29,Cleveland Indians,MLB.com Pipeline (preseason Top 100)
2017,96,Jeimer Candelario,3B/1B,23.19,1993-11-24,Chicago Cubs,MLB.com Pipeline (preseason Top 100)
2017,97,Cal Quantrill,RHP,21.98,1995-02-10,San Diego Padres,MLB.com Pipeline (preseason Top 100)
2017,98,Alex Kirilloff,OF,19.23,1997-11-09,Minnesota Twins,MLB.com Pipeline (preseason Top 100)
2017,99,Chance Sisco,C,21.94,1995-02-24,Baltimore Orioles,MLB.com Pipeline (preseason Top 100)
2017,100,Matt Chapman,3B/SS,23.76,1993-04-28,Oakland Athletics,MLB.com Pipeline (preseason Top 100)
